PGA,SA_0.3,SA_1.0,PGD_v,PGD_h
77.83522692272122,0.4784677384738013,175.5719864591277,1.4786149683048644,19.20602373577999
52.88384556230232,0.4292353263563598,87.13950332413236,0.8727817537472379,9.851368618878475
143.82579930733203,0.9415521045388184,136.38583408104128,2.140004683065664,31.813003806899477
144.13080306111902,0.6658876016386939,81.43270314779969,2.1420428689397872,31.849935561598873
76.8213369150963,0.3663716770301365,158.86817205820796,1.460546406330423,18.789442805786035
103.89307625403029,0.5880133023865124,165.9322009909237,1.8207053578276124,25.391594678132236
77.45808650827205,0.6757635360673885,89.12628155348705,1.471784957287023,19.068427972495194
142.2903751015049,1.160916687209662,210.11625424665687,2.129954420976322,31.627722664917087
211.37954313208087,1.144223928973985,295.5080511461637,2.492125713509784,38.85874300398758
219.8150029189148,1.3136395521732844,583.1274071322523,2.5209986107220894,39.54421924597194
122.29499992612791,1.1815960405374963,238.59499365869195,1.9888297175678866,28.962949214019822
158.03578786215618,0.7423672417797667,118.49195919118925,2.2263506070311516,33.569929154623196
134.84128196067647,0.4883022160583204,237.38357602167352,2.080068353830226,30.69559846549255
221.7139809123262,1.279324497045638,164.48086375048976,2.5278794510219433,39.69777409298541
94.46771541155178,0.583325786644183,110.64654826382642,1.702407381377595,23.478274595570376
256.85405033570026,1.0608727949801526,137.28660711878308,2.641883742830739,42.693324168837975
118.41970744671066,1.2571561476881443,510.62612789405125,1.959566829490042,28.27437685624156
140.33717819587017,0.8398450617270719,226.95409369745278,2.117649888258105,31.39362728541813
97.31214941499796,0.5975659618271799,134.6381039328065,1.7405425490234094,24.128280067355245
138.1474498643615,1.2946219844526954,415.7132529902005,2.102411072683837,31.083214730978604
124.8342906854662,0.7985150480686556,29.956206379432817,2.0073389993093187,29.304181505892853
124.86192329089094,0.9007898276677662,158.1752699891173,2.0075472673259696,29.30792340409156
136.39088458045552,0.77252363213471,504.29241069024465,2.0903249913075848,30.875628500189137
119.0287292204496,0.9127031154507184,140.9277434374228,1.9644905114492965,28.412554429395318
106.37342617801743,0.7741933634304793,166.58977680124283,1.850479883860729,25.85018686470729
185.9723101882442,2.357157261428216,219.63095627952427,2.3927387904544455,36.62432765679656
94.08007487498014,0.7487284555203213,178.31514900858886,1.6968147525135484,23.387191495782492
79.86694394567019,0.7094197000090972,296.3388772985507,1.5085689011211803,19.8791881435821
93.35519875953106,0.6795826840559192,202.55125023556445,1.686648390512248,23.218248076680005
77.30025906451935,0.5072218662523269,74.30202291247764,1.468989108270417,18.98520734567968
192.5928944548732,1.9619819617709688,410.91576389374205,2.423741740490615,37.24565521359958
71.82682406171458,0.6713380435705625,77.06196183392849,1.3604360749247548,16.444683648465634
310.8745833121498,2.192373272800093,783.8344899322675,2.8011863239736003,45.63840485407253
145.09775281042135,1.1969590712750575,574.2977647687956,2.148599830020985,31.967289304958083
220.07382563051587,2.0661326030444265,302.19011572311337,2.5219276678375726,39.56514507616106
219.87349023539127,1.4026958581737734,292.55691416005425,2.5212083150766063,39.54894785403303
162.154082375219,1.6517546063153736,78.15567246316418,2.251610389818084,34.01930420520906
169.24519191991945,1.143529051067397,409.242416603328,2.298754688659064,34.82595096068691
133.03295066851558,0.623714201360997,367.17329391258636,2.067613531240594,30.452230256136776
241.81435110959242,1.0599994501422985,155.63267695380657,2.58957815192637,41.65970372956508
229.7544566028844,1.6820110881305712,316.1377815003354,2.552701429582308,40.30096901335253
74.7961191991218,0.385290902735569,70.17146811919736,1.4199924595089888,17.83783447167863
162.3415495421767,0.9850649530172394,204.9549261912578,2.2528079458030428,34.040332963885284
95.63337324398711,0.4692597544945183,93.13264445324805,1.7184259648274864,23.745654261690962
125.01281668013092,0.9049455061097388,56.83269196828213,2.00868727600425,29.32836737635405
103.62366638164943,0.7869108789974405,126.71812629987598,1.817377673898024,25.34291420034405
53.36544150969639,0.5201599541980646,127.79625601791636,0.8858034510081422,9.954070413075302
208.5973709974109,1.4254653706709757,221.65672992235744,2.4822611958093144,38.632609821565126
133.196060628799,0.9690697813150834,229.07458127925116,2.06885488846111,30.47304632761352
296.3049497080423,2.06353701185477,361.9748324950665,2.7673822681411564,44.91534504397827
132.55922676512813,0.4951400938412842,150.62461221740895,2.064038307915058,30.391864807200804
86.79070746244474,0.6063342562577838,289.76942941840485,1.6086051031244595,21.753496194615536
355.21220534513685,3.3587076984459365,186.6855718593493,2.889572502857325,47.73069957306361
103.50908543177343,0.6578418178509973,53.480582721256596,1.815974967396328,25.322258680886478
233.04652445366105,1.229332429578735,483.0961409080934,2.5618462728469074,40.89629071713407
117.55914997211366,0.854113952318233,187.64450234027285,1.9527994307733554,28.10815616753745
108.03121856324707,1.537958618463996,191.0170918399161,1.8684166366014172,26.180916076101763
199.09195016630252,1.325420545615532,287.75303659578054,2.4471151397758586,37.80418623569336
157.39333746173853,1.2949654551531251,204.36467865065,2.222580934343729,33.50030872575654
126.26376704359377,0.9868818866153682,582.5364771280771,2.018319654369973,29.49853365692133
133.95424717396662,1.164997788292526,194.47855083198942,2.0744100889401977,30.572704601312328
177.0255821121697,1.279998303346326,185.15546908547074,2.348056104281657,35.66997076881513
302.29551033658026,1.6679150931475957,221.22640262332376,2.7818784005674813,45.21407810625426
57.42816542417256,0.4697919054621918,161.89254255439374,0.9610765793944616,11.014314140230017
168.92842269637305,0.8120827493978888,110.17314981999318,2.2967984595196604,34.793248960383536
189.5528864759446,1.2458800189896078,299.692166866643,2.4110056858640037,36.97489739382741
79.85538737255241,0.7336221588693659,73.06667334151179,1.5083895274374515,19.875949509701258
92.21182199158856,1.1239637988331048,179.6598642724023,1.6713348509720647,22.955471681905447
82.97929439757259,0.7386190285037935,169.01553955376943,1.5598174570270136,20.758249597961864
114.86608567954818,0.9171571742765412,200.63390550553177,1.9293219937472645,27.589522211727534
110.86856175357846,0.8619939577237892,177.17316694696487,1.896068602867762,26.753664515180073
61.83239293664321,0.743439551198596,57.07016133022218,1.0712784497199452,12.35150873861284
188.7231180326609,1.5014867105248817,358.8827609470463,2.4070831962837804,36.89621010372604
207.9477696093117,1.511723433354766,109.14949786223475,2.47971351474356,38.57987752370832
283.00710681179663,1.913064442671312,447.95792950997725,2.734828031421965,44.22176482107969
321.90344759245085,2.891301309479812,614.4806788283563,2.825667684173051,46.14347872451774
70.95452480390621,0.7219959302997585,239.9826593790304,1.3355086363601967,16.02437946489673
24.775639970057348,0.2154259548104174,31.523231651855685,0.017169855084207566,0.048353388813173775
75.88344267355961,0.6368100324184157,256.01529034458576,1.4409710867976944,18.360584948196443
66.935951356484,0.8225417233824034,173.87524675620003,1.2109425509904408,14.214293819923935
167.50166703157188,0.7106354026504136,88.99005258678858,2.2875990503565378,34.6087028944315
131.13510489502343,1.0707510028798228,206.10004303620863,2.053550963335262,30.206126180219314
242.8165882511519,1.0270006529302131,135.14988322633153,2.592871307090766,41.73465610473549
113.81455512834269,0.7784656030923223,330.12838458269914,1.9201340738698356,27.373510199529175
78.80871501720796,0.5137014625175459,110.35440101931225,1.4926536243620692,19.560998964164583
92.64769416097168,0.4241249691556272,73.28611226954648,1.6770726749588372,23.05510634559172
143.7281356696943,1.2164913386557692,270.69123813726407,2.13935503302401,31.801186825591163
80.3464328699344,0.4174417200498844,179.6719026450992,1.516126144459327,20.01430232301915
88.48477233956797,0.2599243724594798,106.84890369378165,1.6266714965106677,22.125620513758705
168.78971565565826,1.1265764923489558,176.97937006744863,2.2959454704394067,34.77893684498391
83.67851654859467,1.3374568630566377,114.56490110194959,1.5706016833534007,20.940847290055522
114.02832009124077,0.8088330710888642,249.79938863962738,1.9219772343146428,27.417254697026284
137.25828599254902,0.7846717636045594,416.4668315940366,2.096229931938044,30.97813699393821
114.63641183265212,1.313790168696081,137.9363482386272,1.9272888841879896,27.542164346913886
168.77620043582453,0.9356848998266096,241.55204909434866,2.2958624743960336,34.777542557043894
182.74988999020255,1.217167641119238,257.2333066998591,2.376382165359184,36.299598828092364
149.00858736188576,1.0031464204575231,211.13008742190218,2.176572860141246,32.478854860724596
223.9678778572478,1.4565260156409885,277.9196475272718,2.535732056111175,39.870696310450505
49.91190893901597,0.3241362216205527,83.60866583426697,0.8158114483463672,9.260500205273065
252.3908232117486,1.1269104879745742,113.85981417213262,2.6257123056667426,42.40197691490835
75.4393086985174,0.576232131909398,65.62334555084662,1.4321941135855005,18.145072240482417
143.2120673312037,1.413571227658753,389.5989630743599,2.135945924828433,31.738815316016368
193.2293166040565,1.4071257196754596,321.61055976488245,2.4264355980711447,37.30010131843936
155.6211049129183,1.543501965575245,163.45058796278713,2.2124041841439803,33.30670018927095
173.88659444790514,0.8128975495725524,163.2684404955572,2.32885337667752,35.33937520173751
198.79152206031983,1.013224183147135,197.50948196341525,2.4460752906092966,37.778308152225875
149.7945693117577,0.5552698578129669,95.02559579493956,2.1813676148587753,32.57659494960776
67.97565295409804,0.9978491927682336,178.26961714181567,1.2396767924304612,14.653175762477671
385.5556930848607,2.0203107384652523,160.96737834219348,2.9565064625304878,48.990551805911196
138.29534990434172,0.7246306573943996,388.61650457829944,2.103452158965481,31.100474451816577
297.41789036269506,2.448579205590593,149.61232666319088,2.77020126419497,44.97115144192174
141.51784297283808,1.013083205841864,302.3447568488887,2.1250254895249663,31.53491376020375
54.045158635604764,0.2968742636442508,134.45810252124642,0.9059311668088884,10.104263543037458
69.67276781622137,0.595581769399221,136.8215879068722,1.293317784527213,15.429754190479573
138.86810854275285,1.1157612486158304,321.59591228934414,2.1075195625955385,31.16741700155496
95.98496800394774,0.572798872160453,186.66646531454754,1.7228951824069556,23.819737595037335
73.28805020753737,0.4069050568212182,79.47996064942853,1.392983522408252,17.125233961902456
212.29721369644935,0.8419085268940044,78.10440703544445,2.49514152662846,38.93342386896594
88.88115604597931,0.4723671290965935,171.85682626995694,1.6310833731427319,22.20821760053146
226.2145444817127,1.3098612497858788,430.8011204889252,2.5426552558701156,40.03764884298003
73.9061818004249,0.7969251420422313,44.996757404049404,1.4040171683603309,17.41817678781108
112.69609099956908,1.5913591843586827,166.61986498252963,1.9107071310463006,27.119824136618927
137.4847747551375,1.3776466415784918,263.0793142292008,2.0977918916167373,31.00456865997624
108.76955530781053,0.866819429756746,71.63178240289069,1.8760592569918275,26.32225528701626
179.97947049519837,1.0780673555489375,134.6616473214966,2.3630726232879544,35.99262792678302
91.99485626516129,0.8431907872133259,108.94177758508344,1.6685228352828645,22.906126056733484
64.67209680011513,0.639007837011,60.21457934613497,1.1567049078341791,13.32782568890271
79.12992239310347,0.8362584896567641,219.291712078767,1.4973784049757912,19.674338283650997
67.12741078441749,0.4798427358964222,60.522615559277355,1.2160374254315376,14.290625073363643
201.08626214170118,1.3158124160859748,187.3918001363324,2.454111564902062,37.97616948158669
245.14324721268184,1.4882945585802223,464.2992166932431,2.6006184585700973,41.89980651105954
110.59284791571552,0.6329664412388931,170.58508216834085,1.893927759050156,26.6993306391813
252.54967983702224,0.894495188363128,123.53699274964198,2.6262785880441437,42.41267592207983
111.32140122468913,0.6785514844167188,92.70969506239489,1.8996222773871414,26.84570537914093
94.87131259723165,0.6664085676399206,183.17201553482397,1.7083512476054306,23.569782014515358
184.57467651629028,1.2587403072321468,164.34678184200567,2.3855387940814494,36.48327540474086
38.91100189252252,0.247361723190073,53.94314178168215,0.26916000261799383,2.3751123965920895
314.42810655437825,1.984369765567912,210.0260851709716,2.8094514789060177,45.80154721651744
184.53803981324296,1.0127279164030671,160.1694533781908,2.385352277945176,36.479582183190026
176.295319793424,1.179934190974917,147.83500737290046,2.3434851549921034,35.59289085096785
117.92617176486262,0.9238264501597608,164.82202372909387,1.9556650041657744,28.17889638362028
187.86503352183533,1.1867150972477392,163.43939241175397,2.4027619533988616,36.81494919524648
103.99841989593935,1.1156605869442966,222.60642679368786,1.822017977585233,25.410672889836658
96.74427005289064,0.9395499935193068,189.28404379980523,1.732840647320477,24.005816229482623
316.15641413907224,1.5292652125576218,95.20385843913559,2.8135341678045975,45.880759187797
157.9543476051513,1.9353495648170025,212.79370933740225,2.225870311941834,33.56109620411729
76.10526087877679,0.6785198495811126,131.31355608886733,1.4454690613525032,18.46924409900165
190.2923632952585,1.2978400906012326,162.9095779847433,2.4142248784952542,37.04510904750464
244.60009394997468,0.9160728898713844,145.97785255062212,2.598796937935704,41.861245154970824
115.91870581684931,0.3636439120736755,152.26774726940954,1.93883625762989,27.7947799064313
243.57025070190934,1.7935122997826378,251.97631433267344,2.595365017398721,41.78814298448338
149.7119266418063,0.6760135350403597,234.35254760945938,2.180877953341583,32.566306777614926
146.83231792960214,0.946318633745896,244.8053840076359,2.1607792803169437,32.20951122533599
98.36490571274001,0.9952211608808006,328.96585607255196,1.7554688153675924,24.379483024898168
196.3326707708108,1.392370967232626,460.2826628184293,2.4376985516429044,37.5668268530926
227.04879842410293,1.4709159549598747,301.77555021330136,2.545263667879375,40.09970528291336
85.1841826274065,1.0409372841182445,116.96737037941918,1.5925542747461308,21.34255759931035
63.76504960279438,0.4256290828532045,633.292612164405,1.1284651767925296,13.012545876369362
149.52700568218185,0.8516681096023019,101.76879262708303,2.1797401373876615,32.54329549063873
98.37691241977241,0.5858110239730464,151.62446582500883,1.7556440122205588,24.38213178268255
204.1996099150958,1.065584074355495,481.1147755766342,2.4654170967959423,38.273726453549706
241.0748371220118,1.750196644191728,220.3152162498741,2.587164903170479,41.604326329357406
62.2406357344534,0.4340627682044618,157.0659448128068,1.0860603036575358,12.482131754628348
190.8238276079531,1.6778148230209848,507.0631951966146,2.4163935264431333,37.09297257660028
79.50822218157998,0.2596306437009048,69.29555644233785,1.5030598987853279,19.779053202303327
127.83409526430827,0.7556789627717014,219.90202172408388,2.0306283437144783,29.744345988467774
111.85875368520855,0.8777952277440276,450.34687848538647,1.903901071679592,26.952422691712492
106.85447403361378,0.737076136292373,76.22011212842739,1.8560884178262531,25.94008116547274
118.39265383246084,0.7139853071526049,177.47900365373738,1.9593514843878157,28.269132491634434
127.21117589062015,0.9273694783761208,230.5109794617626,2.025839043587259,29.633332562276955
136.92699623727077,1.2844253861233834,491.26872923954545,2.0939603398407893,30.939523331474625
119.7940132741864,0.9048335106238456,147.8147373259835,1.9708209032330657,28.562801198170764
90.96744735721117,0.8806625958619478,237.77563203861382,1.655586841958281,22.671378517640232
130.37529250804403,1.3408257536941388,381.8452768251978,2.048108956851212,30.09972845467936
141.84681059235342,1.7507457888769409,437.18053529750426,2.127114214239046,31.57440009446816
186.54412917151888,1.9795193354817413,617.2956444540225,2.3957331578917818,36.68212531193513
120.3678578743794,0.7504215448648974,73.59517484188694,1.975556345441202,28.666563211838916
149.2406425369064,1.064678442508619,113.61052127453358,2.1779865176764037,32.507686942036706
188.4930284813128,0.9445709545229694,207.7061386486864,2.406004862530025,36.874409260883056
84.38931001374786,0.5156477279768412,106.76673309150947,1.5820655212056527,21.129049744797125
225.41517430993568,1.4648118702288715,398.61896699948153,2.5401751895364315,39.97897312820534
87.72653980893914,0.7820076123864997,108.4444369627048,1.6184316380259687,21.9690636912394
88.50176320531241,0.7713362619963255,176.47894362681905,1.626859112890691,22.129150461605697
80.42561252832198,1.089741547119855,131.1430185668151,1.5173961774092384,20.036753059179496
304.8329144045288,1.3627784855866414,145.46745801219447,2.787494199115733,45.340077581879854
259.5640651111687,2.163362808156617,340.65629896158606,2.6520035931333004,42.85997560123982
139.120272372925,1.1241190279709243,203.66952392273018,2.109337347518971,31.223014395572918
261.10555113528767,1.450311206915596,227.84002046038637,2.657869200766393,42.95477703665881
231.53025873894123,1.4271631802922655,188.03549285558006,2.5574761428559865,40.50429010026593
97.44496437031422,0.8761399269085891,255.06117745341112,1.7423750797358395,24.15705851065563
426.6401643452594,2.830323572439417,173.76431447779177,3.0441991204493157,50.85322314706171
74.5544968815519,1.23039432324307,236.19292285561318,1.415555040595737,17.723909795601262
92.85582941259574,0.4400910362567622,74.1297474263923,1.6798553685171818,23.102918588322748
156.26753448830513,0.6764418923135421,278.9709962586583,2.2160791545591794,33.37864186657247
341.5740148825474,3.1193139524599283,230.90185466199318,2.864449233789763,47.141168809821224
164.45591579826925,1.2225055380077523,303.32512993544736,2.2666249441505335,34.273770805100476
92.12058422168415,0.5269058032815968,96.44454961780285,1.6701488308820143,22.934700706738735
137.15444222010666,1.1375910190219396,242.83794658128056,2.095516598600126,30.96602720879167
156.56328198461264,0.9306481940706433,109.97404484102536,2.2177745431067444,33.41056196450558
194.28140960818413,1.529591960438503,175.80951430674438,2.430886512092649,37.39066643838776
112.5473753098665,0.7364661073049668,842.3329482564421,1.9094857221618708,27.089994976199925
142.9911739847867,1.0558806321320768,235.23359566980457,2.1344987717101924,31.712155213859653
164.6760577050919,2.804907121936933,475.22740728163404,2.268097312168894,34.29790396899665
147.5284804841382,1.268157197686964,287.87240728078,2.165835247583963,32.29546060541887
125.37631712685695,0.9155152397788394,172.97789587814074,2.0114525920621538,29.37768977023876
650.9369377110932,3.781858971933345,428.37252412304196,3.308206382284333,63.368891557543904
111.75982669470008,1.1430833595729524,242.5778306115599,1.9031082128417385,26.932733961659867
188.1219484420541,1.6247533247765784,151.71359327470785,2.4041476046611785,36.839267017169995
114.14746628552628,1.180831963774128,179.76187702553955,1.923009937036142,27.44167405906694
241.45180809762653,2.2914180162239792,527.6846827860442,2.588393314384993,41.63255460112781
80.66405109681654,0.6795716334936874,262.29039788508294,1.5212597156793648,20.104597072369025
154.13034989669606,1.3286141816049166,245.86321508460938,2.2041468542985396,33.108586776982804
163.3401524235309,0.8903667436320841,177.2889176574444,2.2592615857661924,34.14960539747479
120.56097731071708,0.6210885755729292,130.52598722008958,1.976858331482971,28.69844755154163
170.66619544239308,0.9655708153980748,270.70142154424923,2.3076741385213584,34.97293474084126
80.65174693014701,0.6648969166371842,93.6504410113746,1.5210588943369814,20.101087428533887
130.9330533336185,0.6480271799002323,170.18101798971705,2.052093664006808,30.177795414734295
93.89697075066103,0.8548753134502263,116.31917729616715,1.6942114676852842,23.34434602241905
228.63886861427918,2.252372806312282,537.9404608067381,2.5497442697287074,40.2179859882603
180.19571439788746,1.4607616173042322,162.12379061638018,2.364089087259596,36.01411114247238
173.5718479606765,1.1560724139311034,272.7835634523021,2.3268032481894694,35.306334644419316
167.47952123698437,0.9389549872260736,410.6144894803848,2.287441681886569,34.60625977049783
28.46157872641168,0.3472634985524801,85.18521354804406,0.03296706822678967,0.15084068185833643
272.83757124817294,1.7387493357178232,366.7112594951834,2.700692776440144,43.66799553499936
166.7240138529492,2.058358724923339,1728.6329828267826,2.282116963199133,34.522978855848265
155.2058249736638,1.0157874090037682,286.7964536623262,2.210070113958514,33.23615562372413
213.17818941492854,1.901224918272684,215.3487158089405,2.4980641824873353,39.00515777653961
290.04312466725287,1.6076791429277797,482.6402171415198,2.7519055043869383,44.60216952088647
107.32283719180685,1.445406967226961,174.6653100757805,1.861327025087693,26.04636570378199
221.15032415499778,1.2489051482720277,1404.4263984723784,2.5258213921213484,39.65219075695189
199.92108544902084,1.227022629783526,308.272585215071,2.450003958083521,37.875647158875026
225.53245516739636,1.3164510066875563,169.64411072077738,2.5405378860170487,39.98774830559237
218.35652447638117,0.8578097650237898,306.512695675494,2.5158138063711006,39.426718366246895
87.60473483341674,0.4883921455859323,70.74134833377937,1.6171316310540853,21.944091978347487
98.38280314790813,1.274978650111066,175.7750936418734,1.7557300067774935,24.38343146864311
136.27470047195268,0.9425057346580702,84.48518692656944,2.0895431646231466,30.86208412271997
55.03812306675141,0.358951973276961,61.94798044651513,0.9205070420866194,10.33496159771523
132.59277022833697,0.5868916065609373,90.4396105905857,2.0642900049593726,30.396134679257415
84.84504191208688,0.849381669551258,232.4722757141089,1.5888635176864956,21.25107210150351
108.4383380502361,0.5117406122431203,127.89111520830221,1.8725975897500682,26.258712849924912
157.2922807285129,0.8511373766397512,84.39888753415897,2.2219919399175794,33.48936994949692
144.43878854697004,0.6207238345968309,396.39899904143545,2.1441154692688857,31.887270010632225
42.74125737058187,0.3463272148350888,32.917388798080836,0.46726413623846036,4.410949590724169
139.78511210523587,0.768762122656362,199.1831452381612,2.114199836290701,31.301547536953294
190.57877301497086,0.9544836613571892,400.7715545331748,2.415391393225198,37.070639905532055
103.20252472337633,0.9465153536932754,126.72718112564426,1.8122581799995032,25.267137713173767
50.99796070730331,0.4965119815097219,114.54576096364173,0.833467835783356,9.466524464422669
68.85929060644406,0.4146835178462001,103.832076811912,1.266424508641664,15.066589006098477
67.32396422062297,0.4355238395760076,100.03841244267191,1.2213570230510034,14.376060765088056
196.84421377616127,1.312882695520082,261.97391250960465,2.439421933155099,37.61077544142165
173.6225841393565,0.7911441026765655,314.318516407596,2.327147278770382,35.31165929089697
84.45811411534183,0.5790829902886523,113.7600107096898,1.5832037187730474,21.14740455725293
79.38263788593238,0.8449086263652512,347.7460117556484,1.5011594877387258,19.744189957804792
90.39459083874787,0.4987198860709628,200.99416161316265,1.6486331624454802,22.544349223735075
155.76252871540783,1.083696262532971,181.14376996550072,2.213204610861294,33.323312866142764
76.78067943640181,0.4597391154550754,71.0979004420376,1.4596665192957166,18.773383455269265
102.50523817111822,0.919288580562252,205.26919698841016,1.8039939682186574,25.14254157875923
191.32637825343448,3.9328235764511374,497.5472297944923,2.4184604970698436,37.13630295230847
335.32302510192403,1.943266472665436,195.47533756830265,2.853500614721493,46.79860809043681
126.39589092488781,0.6389276939782705,97.57213437096668,2.0193564154180024,29.516576209695852
168.379296580668,0.7586543997742213,117.2928542021294,2.2934348296324827,34.7056106990128
39.450676324262716,0.4677894222674892,75.74422947523482,0.2910052695690659,2.7131934485076163
102.91561485103755,0.8646820621159641,133.40466728670012,1.8088263502143624,25.215739114587272
170.9540918382369,1.6010542380023125,230.92676297514592,2.3095105747431517,35.00276922662577
36.90827208379419,0.4010044681349041,63.83377680612507,0.1673619087211406,1.5268897180017291
130.33090228371339,0.8977292294204758,130.33176356281493,2.0477942040608466,30.093524268918365
66.86530394760999,0.3846990021045096,42.316691670189684,1.2090837231604334,14.18627562116027
104.51376385706578,0.6370033585667276,104.03060496836001,1.828534541598303,25.504353447704222
159.0987091535988,1.0465476039608996,222.74215338222692,2.2326851997202954,33.685409372348005
261.14772994509957,1.3131657322887098,302.5571170756521,2.658030823864223,42.957371048431085
122.39267983865157,0.9688423397535452,361.69743149299956,1.9895195946537407,28.975977114763754
130.82586690134536,1.4209226460637676,318.20726213216375,2.0513235854674696,30.162777093255247
128.05629755051103,0.9680552525134184,137.91977893357972,2.032114636205138,29.775112119628027
106.34349259176119,0.4638531342582296,206.8208570200334,1.850135141302568,25.844609119615484
113.90076414447024,0.9294287686774116,102.12756140637025,1.920875915571451,27.391141455550976
88.51013512199825,0.679030238765635,79.13497966593397,1.6269516060575182,22.130890122836718
89.42747432667652,0.8774989272041355,259.24843849816415,1.6372865300053345,22.326991062450166
89.04349432009431,0.7769323554094932,284.1481198650911,1.632911607034886,22.2460187688971
96.81728437724392,1.026268886745991,230.51931577738992,1.7338190114657694,24.0215085525438
150.97009752688191,1.4857844049576638,402.2674813849906,2.187360098174477,32.74234439138925
202.58123771334232,2.1260950924519784,1220.965623665353,2.459466201004728,38.1060276280271
104.11666364586513,0.8440702784836029,328.4547009345591,1.8234991118934536,25.43211631847259
182.48567875409674,1.0289562140198771,295.31897766201075,2.3750784492437766,36.27305179482571
81.60852552142006,0.7620844647360971,89.63469431394687,1.5372233974750904,20.38981999273749
203.89744680467456,1.6273463270534303,507.66263935020163,2.464293367600855,38.24762255167176
211.7070519592913,1.164744783943779,122.5558543838962,2.4931987183353375,38.88539101400145
127.89708275078718,1.5596657912271006,371.8606954936014,2.031048870268351,29.753063574544004
153.70060642113788,1.0304995123578926,216.3613087139324,2.2018107516697523,33.05856944497195
230.66204873998066,1.4602436091484812,209.96087542008607,2.5551268180344326,40.36847625764113
251.92643082457496,1.5818881597111618,422.62829297903033,2.6240611720473193,42.370701616098216
210.96123680777694,1.1232821108007065,357.4824040504459,2.490760532172597,38.82471542446813
90.61050360165727,0.780536692902559,126.83784079139922,1.6512330721062018,22.592088203036067
176.67378818360137,1.2639337714150405,67.34812240959886,2.3458460071810014,35.63282620619825
49.6851949308767,0.4251321694117966,72.06385668955463,0.8124420869569121,9.222097504007237
279.04083976306947,1.4683385188711868,197.41624605928675,2.7229058439603313,44.00778240224872
141.50511864309186,0.7635403053897878,150.89279028808832,2.124944998056302,31.533387481900284
144.70295300488158,1.0844438998699448,235.3662493083458,2.145904925498312,31.91932544539285
68.8585042319944,0.2439018768005298,104.28144273721449,1.2663995518271958,15.06624328919292
60.85393869757159,0.7151939154170696,138.22768200479152,1.0403819534163974,12.06761919410705
291.0948700392573,1.9086373585439047,314.2161495602376,2.7544606854623845,44.65539044577401
221.85280164777114,1.6011426655335157,426.1646937928967,2.5283883851172444,39.70900118250835
195.72964741567714,1.2051644282590994,345.4072551550694,2.435679718796048,37.51505296091944
245.95810756819625,1.6516020754210303,41.3332489320018,2.603366228811963,41.957665067583484
168.69235992100832,1.0316688495540152,89.34227668793639,2.2953480776441846,34.76889418089559
205.30814989787697,1.4590638409408596,92.25597038251841,2.4695756862833536,38.36589507858208
34.816618986170845,0.505995698336903,38.970447498063024,0.10681368626456944,0.8347829282780294
46.295992629556885,0.3054110258631661,96.89538721430924,0.7200114396339035,7.232280362722708
219.51844920471754,1.4044473433136917,140.6503970266655,2.519937464126651,39.52024422095089
154.09450723927395,0.9889840781105212,272.99428480330846,2.2039513490354534,33.104412599376964
77.36557255848722,0.6797106606317239,80.17544292865801,1.4701382206519669,19.011497213285917
95.0125567154908,0.7873547594830541,287.04594881795475,1.7104614115443633,23.599046787848422
117.11842918297906,0.9937875119943934,97.47145080198109,1.949398110867715,28.023511942016345
226.80554023665184,2.272520891262902,368.5352016087452,2.544500947390372,40.08161019065089
73.08330417553924,0.4795298391522441,173.62361086593822,1.3885878852789761,17.033639302050812
195.48435499504671,1.2095379741145749,115.9741770395146,2.4348624223640885,37.4940036191348
121.34186575408852,1.0048897649681812,131.05548018852767,1.98218596315038,28.82774754298753
100.84444115049475,0.4502069424169749,68.34303897812444,1.78539882957907,24.81598452674321
212.3080832271362,1.578666638505094,410.3461912305204,2.4951774217407747,38.93430869658652
485.42390306794005,2.7230652040068155,265.4296281033006,3.143281919512728,53.01647214944239
353.42574223489993,1.757077384048338,911.0665316875974,2.8861965318759113,47.65484464129613
220.8180956489769,1.971316405989382,168.48496337845984,2.5246145861935294,39.62532503345894
410.699905732606,2.323753275025993,401.77175562706736,3.0166377216245595,50.02821813129536
129.21619287855935,1.2859347337705604,949.4422035479078,2.040002105857102,29.93628905577638
176.934218404904,1.037562988031493,355.53172088809,2.3474806646876005,35.6603218369069
150.03065085912536,0.9251934358478396,173.74968989822614,2.182554883089864,32.60599905515465
171.24035452387363,1.862482623673822,159.16798463897177,2.3113562249689545,35.06224526126191
162.84865555959848,1.4101739944314535,147.82301448596982,2.2560693999143715,34.09578935865454
131.50972263232384,1.144609001005653,202.34877323282785,2.056272695867181,30.258620264870085
299.17484913714225,1.3101674016235805,148.12442814143137,2.774695159828103,45.05919904499496
125.96925975358276,0.6689985019051983,83.43731071400993,2.0160222480603784,29.45836391937528
301.2261862104866,1.7529337386478498,514.7939980075635,2.7795358105821584,45.160926944527674
187.458118369733,0.9454061490071684,253.61973880322782,2.400579776052114,36.77461109452475
158.08763328573093,0.8971208820965796,84.86795696207348,2.226656736885683,33.57555339952204
44.31898446427013,0.7561746777249888,93.06306264797637,0.5822937543204436,5.6978595108127035
109.20411387179568,0.9381754969435764,165.57717567734855,1.8806863405854188,26.405960775482598
150.9222107056296,0.9243580728268714,99.9311313894117,2.1871125232074817,32.73682365633868
132.8844917881497,0.6967684118318813,213.7945555025312,2.0664883133098555,30.43329788066313
117.12116526988673,0.794685575607291,105.63679964290368,1.9494190953911898,28.024036413043117
80.95007151362707,0.7220169317935133,258.83553026094927,1.5259734173118076,20.186447140671294
245.59010343523104,1.4738387512612985,289.357683493254,2.602123043050811,41.931534181177064
139.74835069847435,1.2771621778233342,320.6482202777913,2.11392886653149,31.297199455598566
141.36742293836025,0.9716240033531116,259.22585795320424,2.1240753810161683,31.516875898747255
84.81180508023294,1.0960510238250294,301.4139042131745,1.5884246809086724,21.242137400239894
179.07381604261215,0.948702952673828,143.70420596667907,2.358852059553275,35.902749078908776
95.55814158859647,0.860742210022956,41.83839693874592,1.7174791726441194,23.729850286827922
179.6898760684435,1.4330202233895928,873.6227141304732,2.361716666666488,35.9638711909101
103.88648288535387,0.6794070926927003,161.3412490452107,1.8206234176331861,25.390401398374514
223.35289619285766,1.6250493235715884,377.3923191671945,2.5338621744804453,39.82469586695987
102.66733712696902,0.6624641948925196,154.44997774997887,1.8058921948923545,25.171409549100897
91.50744530727268,0.9223713744057424,188.96509800635835,1.6623092195604805,22.79220015575049
123.48602686771434,0.524847776719598,93.66133012876794,1.9973596852891151,29.122344604166354
164.4477747810329,1.320676714160057,149.23165551892959,2.2665706201825633,34.272878575142286
144.50070426320633,0.8099236613898917,196.66101948535703,2.1445339088110185,31.894780540388727
240.85656876549538,1.5594653873400468,675.9990201136867,2.5864553059132516,41.587982646797855
124.68603072596694,1.079142572575332,261.512456654899,2.006224176404516,29.28411500798326
204.56525118508705,1.622165919714612,240.8758404495003,2.466782482481964,38.3053220772845
230.16023702988977,1.800258195300723,102.64053592290334,2.5537836235864635,40.33115176727256
97.11720728716983,0.8244021229720141,296.90438973579694,1.7378744820083407,24.086133528592597
128.91569784590118,1.649117823064313,379.48236676958635,2.037937570376584,29.894440729813393
279.25539969359096,1.837672040759432,142.79039603117724,2.7236120613663313,44.01953021311832
204.77088854989037,1.2114098163689062,452.28105819127177,2.467553084171227,38.322403166349545
220.4598082969346,1.3032700556305803,333.16115505792465,2.5233182667303353,39.59635373445286
174.9846245919347,0.8272678372599606,261.0905006672591,2.335440653595224,35.45479952227777
65.80856231519502,0.6429159072984828,165.20408661502697,1.182670051560504,13.764610399374623
134.08792482639603,0.896671500051823,232.42565332679536,2.07525531530189,30.58801496497008
201.4619477652891,1.6189886606591537,103.44295517058775,2.4554481471166456,38.00860436135797
272.031843435603,0.8970609715809933,320.64749655390506,2.6977167587840882,43.62357830297259
135.71880758471193,0.8081962864336986,42.5444768304591,2.0858315667140204,30.797382920784568
246.53405335173224,1.7137415385458377,606.7871591153817,2.605319366305825,41.99856441858284
167.4413711538321,0.8467063009748504,114.74053066770554,2.287170760230996,34.6020513121414
254.19451078063307,2.133946613007354,530.3441142818162,2.6321762028233744,42.5234694973923
87.55594078884869,0.6261239734203828,252.61515954411018,1.6166126561616847,21.934102443701654
115.58523444109534,1.0906321673274637,165.82834779951042,1.9357865604097297,27.731645699534262
52.40674562388537,0.5615882505161689,170.54778226190396,0.8613488399636114,9.75260796040434
87.84824398446395,0.9884875480410202,131.91274885299816,1.6197370120976864,21.994064202744966
88.13504340280252,0.4640581372742003,64.0190765046882,1.6228389656052893,22.05317343129635
172.63147180946493,0.9468738274918584,170.573347208234,2.320488571044089,35.20774258391893
48.72846621618098,0.3031962015931614,36.522668182102734,0.7991072868825913,8.984377637186874
126.06126622778604,0.7993212702254712,200.91526254954397,2.0167379775262586,29.470906199270818
155.98555591453842,0.8151485390841804,503.3505094538576,2.2144709468103945,33.34823590582499
49.539571541045206,0.4251077748509271,48.01205435398984,0.8103234274712744,9.197740729818692
153.3036594939599,0.8416841115364617,133.3344570772703,2.1996682192606984,33.0124277099627
63.70844976089313,0.734804317881294,149.31409445805429,1.126770549919531,12.993289516305717
168.6829124702354,0.895934360568848,154.66533014568805,2.2952901634073535,34.76791975566001
117.08838987279547,0.4912203180889124,252.018724780408,1.9491678304090323,28.017754649637112
140.5027098608433,1.203082657196682,157.44698709692364,2.1186727805196712,31.4133948582142
245.13884789703343,1.1769933122168956,199.87600530195994,2.600603672907796,41.89949416391356
189.8633352264049,1.213401622930601,280.44792075793333,2.4124869490425995,37.004363986351876
213.65654198596843,1.366959394205531,778.0418848780071,2.499662562311819,39.044123174672585
74.00311040974246,0.775050273647619,101.82203175517552,1.405709215890172,17.462673704232053
101.45473510926122,0.6665810848751665,75.158187310474,1.792051484536304,24.939639842163537
308.4167900792946,2.478633783526923,371.8987005472452,2.795565005335877,45.51772767078982
69.26940607179681,0.5293288715594652,33.2447666676955,1.2797074651397586,15.248297599378722
111.19104116364485,0.8620179042309762,90.17586598081672,1.8985944414874407,26.81990067571157
258.43547703271645,2.019718104462332,182.2283234367947,2.6477590713955363,42.79057002354312
98.37104311131381,0.8867550155373504,246.1866628067814,1.7555583562279724,24.380836922736624
152.1458083190766,1.0860864420191916,84.01994675457944,2.1935008426752236,32.87816474253988
284.393710210803,1.627718925709533,135.17762331069807,2.738471475300298,44.297104526682176
124.62328416819915,0.9001180371458396,91.72303072828431,2.005753685199762,29.27562769874475
46.65171727407132,0.4209453246708269,238.26205512863538,0.7486618169703065,7.51410735150312
94.21497419635838,0.5337144481225252,71.86739668558147,1.6987483345893637,23.418830515332772
267.178654206985,1.7603888989052,286.978810789016,2.680221618638227,43.35383036115968
80.02841916328138,0.7928473230165184,111.72419303144291,1.511088684398007,19.924528360966217
88.35511355472237,0.4704880607690905,207.3246698344156,1.625244138574113,22.098714414894147
97.57061716090666,0.4255204124934709,90.56926187004217,1.744119955468265,24.184332526609587
235.27719522201556,1.0302630794101866,187.6368208021108,2.568717474181386,41.15449825427808
100.78540163840536,0.6823599662600941,117.0517596578195,1.7847677122412782,24.80581173116568
98.11648695704999,0.8693944612296073,147.6668020431591,1.751868039441666,24.324774248933483
98.18162171642662,0.95993332641449,302.25943580283405,1.7528077430912639,24.33910137845495
107.58273892868003,0.7418162784664453,153.3545692833112,1.863901630684562,26.095610766258662
65.60678113926919,0.7938014785881401,58.290618290192704,1.1778850376102756,13.682704807497261
53.889660713329846,0.3811824068654268,103.93444411852812,0.9023143143751035,10.069356839204998
194.08314119341972,1.9130566062144527,413.98319890995595,2.4300930876103544,37.373589270108255
263.18424442444683,1.606173442630876,358.75268452150294,2.665909898906403,43.08261458914869
59.918762526583876,0.3875031157758244,105.59894851431987,1.0151993596684625,11.808463544474234
297.53214260087543,1.9466216954962752,235.35420132559656,2.770491861415876,44.97687900101864
131.3910280648702,0.5582035467342391,41.78736628642937,2.055407533102824,30.24204882806951
94.58768565448057,0.7772307163860002,139.67889229986156,1.7041611092174054,23.506567103725146
54.032656649118366,0.2677296286275246,54.86522735623777,0.9057542240433112,10.101444966201013
73.5518919618977,0.4529969408110141,86.00930766764475,1.3979268770465916,17.256648207332713
225.05998600517304,1.5745030601545116,161.56571633320348,2.539079191918573,39.95239812238189
108.91872222042767,0.8825358532529949,33.36958192616268,1.8776364462539459,26.35094505175721
123.82069972287941,1.062122928423922,139.04266558110098,1.9998039786978037,29.16734448824062
210.86625054782075,1.0724708746362983,194.21026042559544,2.4904513593295676,38.816989975941944
89.13428180427707,0.9734080162692604,129.0685532995324,1.6339395450348444,22.265120319683234
62.832198574150965,0.5870372946182648,66.39584201411175,1.1024652903770966,12.674757820644215
164.9648741184858,0.7654219541877958,101.95901050353073,2.2700389710476605,34.329583926729924
160.09572152384575,1.5970733192297195,307.257688369183,2.238741163191933,33.79405354938145
756.9173846867137,4.838218862266367,1434.8709776720943,3.39723731111594,108.63276812046321
121.10257036859196,0.675919642649765,94.24154755379004,1.980542511767346,28.788061604996614
209.25446672562924,1.9240885085524853,247.58534970006193,2.484860217128915,38.68597733219193
71.39560931677552,0.7564647281662709,113.23343284448805,1.347846933310895,16.235330103588264
169.4463859539869,0.735286076583635,390.3777762345693,2.30000316669924,34.84673363322354
113.44027737980292,0.7399532123926343,27.759705632940655,1.9169363512887443,27.293411441935586
285.06263823024415,1.7699154712193812,245.11090559139478,2.740037178776623,44.333440431884355
41.92370831750709,0.3909748435234283,136.48544776862536,0.4247745966373656,3.9135038789833625
181.477170272048,1.3728923593385316,381.5002309593531,2.370183232714449,36.141595128332646
80.35713304700208,0.8055309852800081,144.80387740722986,1.5162974012780857,20.017333975311725
269.75717473923487,1.3768932931068265,459.8387289996664,2.6894279174200113,43.49820145292133
177.53782080505997,1.9089727873878377,469.1428879650877,2.3513015259754813,35.72409650540601
51.90286837432789,0.4997119812626934,39.698835285239525,0.8505518784866779,9.638939754772666
162.67687438791936,2.104171760401172,189.85664119441267,2.254960965255985,34.076995733381466
197.8904957852202,1.0174740357496952,129.75389904569724,2.442978252654374,37.70074557484667
53.560725949104,0.4125295184826777,47.93957472795454,0.8916228464646274,9.99658844820925
75.40230836334922,0.5393798049998817,115.70380013494238,1.431476241032893,18.127241719580724
176.2440377367391,1.39942733611557,131.6182524408854,2.343166590914919,35.58748172062582
174.0718525094896,1.8729034146829653,150.08586007300534,2.329955308195861,35.35883226059556
82.8580256297273,0.5821444222851921,255.0598883720244,1.5579938479914974,20.726839782178747
130.73765789965069,1.6730981088625176,341.0768553417278,2.0506914026263052,30.150423456886223
251.60106375182352,1.2995451433376144,340.0649209908919,2.6229072715878012,42.348790679614034
108.61022078045269,0.5638717506976703,130.25694701306625,1.8743871181030283,26.291659842915625
238.26891659856653,1.3995442860418146,209.85138366976415,2.578134074977511,41.39426667367686
100.59417911055472,0.9848769493289514,131.24725279191662,1.782734283513003,24.76976847575797
165.75184378007413,1.040604396622094,212.6024611870459,2.2753880247683176,34.41600963584761
99.5687170439744,0.9449992031368076,148.28467046979844,1.7720994241980086,24.594982622553527
176.95988483946448,1.6444017273364335,156.69439366821197,2.3476422167894,35.66303231741263
226.85879985639443,1.429946186529952,213.61525434298633,2.5446677883434687,40.0855719688778
188.51594194354638,1.3583308270709775,188.02650971987148,2.406112068446902,36.87657992962778
140.49350425062173,1.4124916100959828,182.54816140643788,2.118615800613992,31.412295180941364
77.90424953917439,0.5747005292942367,90.09582288198995,1.4798114777145595,19.230907588380276
131.13125876024006,0.6578839075128274,180.40143304283325,2.05352315359871,30.205586642979647
374.7511537219755,1.8643413685593075,439.6777970933767,2.928329658177438,48.554846997381695
171.31868897537754,1.054163821113869,210.82433711416218,2.3118640164989075,35.07042682585267
152.843955152543,1.067004415638982,143.36815995165273,2.197205053630105,32.959062061510735
73.99224786863611,0.792703998466505,249.05286696618964,1.4055190298442577,17.45768053608997
287.8883379004891,2.868959574895829,429.4252317390448,2.7467244149407692,44.486854142699656
32.540935970895845,0.2492263289806307,52.23659202693774,0.07002112810588428,0.5046919197662072
69.89255095493208,0.3646025774621677,81.11330629616488,1.300976188484883,15.529769108615229
127.9109528590442,1.6186966259852114,405.80029827460686,2.0311415559289134,29.7549836133278
91.93493650074285,0.5386688291199538,139.0750499035914,1.6677513005459703,22.892527594590476
49.61028404025579,0.3163560741016852,189.49309345590706,0.8113478951944845,9.209537826721794
80.42553650270105,0.6858795965013295,110.10959402894106,1.517394954898359,20.036731483921486
67.60125301487247,0.8269756133700144,109.84568892175047,1.2290206396526173,14.496186866388184
204.32193724035272,1.2279031906339737,246.0873434299821,2.465873211097335,38.284295998577726
109.12637940579478,0.6521632259472813,68.95181830590644,1.8798513499884426,26.3909594057977
130.04368052682207,1.4124072633146587,271.6849573803121,2.0457659830873673,30.053412778120137
174.3029743520147,1.225650693800394,127.81885033116718,2.3313353849107368,35.38311609625616
196.062233367118,1.2939425006843808,112.48469140801113,2.4367914716201544,37.54360323811844
122.57106333619531,0.983736608101734,140.95489224528944,1.9907838559274353,28.999789475543963
115.20758774413358,0.8862982450601504,123.68327433662677,1.932372976160445,27.66011963652373
228.19769609853523,2.086718004969132,641.6804513416125,2.5485820638424213,40.18516852494866
173.25320884927626,1.2279837970466196,141.7505004186019,2.3246504908355194,35.27290651246691
83.93770743943556,0.4860465510235283,67.48058168235667,1.5747211141491777,21.0091754102718
269.4733761037651,1.1381218797285615,403.8435950302831,2.688405246001289,43.48284276990142
217.65440074383838,1.4921030158154267,161.02702263721352,2.513347831336059,39.36966671669071
47.35964943043361,0.3630902492534448,98.31519726940968,0.782177412893929,8.082832451383691
136.29109173181362,2.324384843848008,181.9793925325875,2.0896533362120158,30.863994515493534
65.72172869538508,0.5533368632345926,112.2075349914254,1.1806014118198107,13.73183482675663
289.66436330893583,2.9146052308212487,421.2088199255339,2.7509895741280164,44.58299996375046
102.02839225591494,0.8342027288910593,215.9640628759321,1.7984879938537173,25.057963840038934
130.204292640495,0.9780085249050988,128.0621477677324,2.046898370028218,30.075835966414342
105.91739782982928,0.7880056076770545,61.08080931173238,1.8452802936356631,25.765416181603737
73.85057054127728,0.8133036919765944,238.50797318691863,1.4030514568338741,17.392706499814054
261.0498212289255,2.3267676629026064,828.6851669268981,2.657655748466165,42.95134962679376
54.75375034962679,0.5630073847951292,271.5898633497651,0.9162234010504992,10.267502761699358
238.5130155650111,1.4566532820327904,297.0945529865191,2.5789119320818665,41.41253630565299
97.31239934404377,0.6715150795909716,72.41479488161598,1.7405459861472494,24.128334173655553
218.6267807512394,1.27957842076737,436.8124866080234,2.5167681485467934,39.4486816536333
124.11474161698486,1.6147794151633312,344.1264018746714,2.001969198895225,29.206956103947682
203.1837961296994,1.2770821865412283,406.5152964650974,2.461655730633578,38.18485234965612
86.91403614724223,0.4512253451307728,55.24708366237673,1.6098792014212966,21.783011318400483
85.90049101118437,0.8357384900729538,269.41574113826965,1.5995885480444039,21.537676805612836
80.6319810539571,0.6374831485072341,208.80324525044304,1.5207366206571702,20.09545138066884
119.87486189882263,0.6129769588139361,118.32739249280941,1.9714982441865765,28.578730235716307
122.45098680336584,0.9043030191644896,132.9549075782386,1.989932207127274,28.98375754859457
113.46594213854937,0.6948677537625352,199.43873452622125,1.9171544401863907,27.298623892511127
66.21350353984154,0.4453243782675424,91.2916172519204,1.1925115694002022,13.91903503002039
134.8028081592105,1.301525210156241,94.86826981664036,2.079819032990051,30.67006353274704
114.89523573601376,0.4984566392457273,65.42686310875605,1.9295811089462505,27.5955398575961
178.23981427564044,0.6921064210167246,82.13202199132907,2.355016560854842,35.82012049485643
91.48837327668714,0.7568793282371916,238.6485287466844,1.6620689401098458,22.78791517302574
186.36744253606582,1.5832895034004433,473.3753805392864,2.3948048554515835,36.66426103141525
64.52380099143143,0.4667715443413288,110.34832254767107,1.1528648547732216,13.275418117391204
166.9010418120199,0.939043771709762,241.1497623883022,2.283357035512107,34.54248125386782
100.4157956124541,0.7570807645770747,127.22432414409046,1.7808519488217245,24.739191632947787
158.0098789694113,0.5473417123730238,158.9200710258185,2.2261977318430057,33.56711886002267
531.6799746121162,2.508209465023144,278.9615204488269,3.20046964945932,54.975768444441634
128.07254081086393,0.468653941850142,100.49040925653343,2.032223592479166,29.777362573525828
126.9749470863614,0.6620073029710031,162.01481635140482,2.0239454282865683,29.599114445655623
162.7780929050051,0.4670211082312258,56.89126680052949,2.25561363591107,34.08806851774269
97.06921308370343,0.6458097192612,275.00926304516844,1.737221521968747,24.07577430202496
154.3452393808688,1.145461734837412,251.1727201414497,2.2053215258210517,33.13362190632882
139.0218368496754,1.2764153700191934,88.45709860596409,2.108624184564554,31.21140553319213
175.46248682452878,1.3116293419292355,618.9558731983461,2.3383502765626423,35.50510727750728
185.3590274619435,1.0275318315788535,116.11102782980225,2.3895589262464525,36.5623954628696
194.19090646569325,1.5830517454124606,527.5366039813385,2.4305583175749788,37.38287069015241
96.74605241785879,0.8802388604170593,149.83240170879674,1.7328644892195917,24.006199109480406
178.43532974743468,1.8660175671757075,301.32998613437815,2.3559113835112897,35.839478953406235
51.433695367067614,0.297946310602028,79.52076082631419,0.8413775356099897,9.548288516322732
210.260530798099,1.427648404456209,298.91681412583716,2.488486905025404,38.76773710275442
99.89397888393368,1.239204185500126,203.20890885700828,1.775424529170556,24.650162030254148
63.04748750627205,0.4495428690867241,75.91340126061218,1.108137420000619,12.74487411598878
72.76006291425415,0.5512507438037813,113.24954873970837,1.3817982685977774,16.890227668480478
365.34615229970916,1.762274928833557,129.21426970756465,2.9092405976585454,48.16123158506165
195.30827763729178,2.0589756877465333,587.3330778760279,2.434277127778249,37.47889774764889
165.32765707792916,1.1378734165491804,228.14633857957597,2.2724941136253176,34.369406344000474
68.81851049414354,0.9916852924588238,177.91227604914835,1.265133949814539,15.032156999842487
101.31539214108892,1.0822687306327834,268.93237693369616,1.7905139368575291,24.915325730686348
134.3977878322442,1.0439215438251497,223.13579165012695,2.0772243612559005,30.623543205229165
90.89158115922116,0.5714528996381639,234.87106377129518,1.6546555946701393,22.654487484268284
85.59224638903258,0.739043184554734,160.16041623291034,1.5965380487648462,21.453399372440796
72.3233964818701,0.5014301741042807,208.28912572054912,1.3729036774956416,16.68958621026119
54.81781927326692,0.3442993077560131,40.738039895768516,0.9171805403530343,10.282603044255891
123.0663259197406,1.108940824003465,264.7997688215765,1.9943241492532204,29.06604151558104
180.33514811924383,0.9440118990872048,233.65558994311613,2.364746305508904,36.027968069686565
163.75323880781076,0.9367374150568114,70.33004351719629,2.261968611156244,34.19488586791126
206.09714773228322,2.0386503421676503,486.9816155575135,2.4725706276645636,38.42980427043364
130.3961932214352,0.7245224838862319,194.26030454304663,2.048257275489061,30.102650092672746
158.68514569045993,1.063646336112648,268.5784331506824,2.2302058333549644,33.640435038387764
128.63729922934294,1.1598710026374823,495.07390445130744,2.0360381434229353,29.8557267871521
140.1010580820151,1.0632259579457246,240.4932537268269,2.116196989359489,31.365453650052903
166.0930179524325,1.176070640484355,364.5687520497294,2.2777340243233604,34.45352409957217
155.39221387434873,0.655653266365687,135.51354493523178,2.21111291180282,33.279827453293855
263.4936451345346,2.324090627579736,423.8295743091404,2.6671201323790763,43.10164151780625
64.89564081115131,0.5067744098569164,174.50534591605492,1.1616147747829813,13.423314956476055
66.34821265562353,0.5696484631381618,155.95910384644154,1.1958586677989658,13.970982935600205
118.65650863408709,1.096424268699728,33.92753789841435,1.9614633028603938,28.33982763066182
140.9494636668868,1.3853116080043495,476.1624183192626,2.121451528357295,31.466812868542704
143.72444268510716,0.9931780030510484,310.56683044387455,2.1393304958693515,31.80074007005955
284.69284341387754,0.6481350633921392,355.61364264954165,2.739170820177643,44.31335412984658
89.0796850618313,0.3434069316414441,39.75013572966485,1.6333209000843723,22.253630018298555
173.07004879696686,1.07844053221263,318.03536131011805,2.3234191426775923,35.253701045407766
107.02595334642224,1.0873562476403773,178.62599657254586,1.8581194959875513,25.972242372487322
217.24668499364356,2.526829992870499,385.10952004100756,2.5119246575713023,39.33654358827648
240.09897389964627,1.4702733139372526,605.986147878254,2.5840017230496213,41.53125886080257
204.99398884736644,1.294696852692007,291.11626437840727,2.468391343998067,38.340460730898656
337.4868996044909,1.7542668525582648,420.29351066297454,2.857236248954973,46.92747299415972
145.02561521076555,1.0365734727200733,165.81950537881866,2.1481055663363824,31.958520371364894
297.49067274268754,1.718828993741503,417.02732160116443,2.7703863579731056,44.97480011366178
87.35604099113478,0.8448231418532984,85.10992015812403,1.614497152160201,21.8893028510219
91.6589234466265,0.9150169711039692,120.17185041458738,1.6642251840939597,22.830052777322493
186.16061319300016,2.232447161460745,472.8523970038864,2.3937216814582483,36.64335517581692
166.19238194963236,1.149662073695434,195.82490994994254,2.2784203983339553,34.464455058747184
161.90330799136672,1.3475629671736569,351.9124259377117,2.2500152150624895,33.99179490826547
83.43916366620527,0.9880404329383746,152.6773856281929,1.5668571851968471,20.878056406710055
230.22010019164912,0.8730199069961679,287.13894335183824,2.5539435740200975,40.33560443565124
130.99620050641818,0.6195732433544194,146.57683116817068,2.052548316435456,30.186646754523746
59.35897381579569,0.7369730191410153,197.2637167581937,1.001631627209603,11.652769699618165
210.03371587514005,1.1191559017637018,204.74769484399965,2.4877544513027723,38.74929941113264
113.53434739590536,0.9443955347424674,259.5794979455826,1.9177365673241895,27.312522910762038
192.84806291841858,0.96082289866931,253.61842366685613,2.4248185495024237,37.26731561317507
208.0175117316575,2.2372563035803994,713.0985460077455,2.479986014743311,38.58553764293443
135.0822360683782,1.4323336221225071,165.7963492157005,2.0816393463021927,30.72350338839332
110.99836737467164,0.8715830694268166,239.14363762071747,1.897082456072095,26.77929677308856
142.22017992075865,1.7005274523076723,188.713159497301,2.1295031076059545,31.619278081384667
215.7788956649467,1.8891433269810296,433.85336904839306,2.506853688784372,39.21734042899222
101.82921926431936,0.6402180320701334,164.40063633922585,1.796229485076259,25.0052012798768
49.58354427764905,0.3636999468712737,28.495645258702442,0.8109595453315638,9.205070091929988
96.05249542910491,0.9109565257920894,111.26830233459457,1.7237620310873372,23.83400809878852
192.42284176623545,1.3055683786779846,309.03089151038137,2.423026529292864,37.23096028790428
85.98986537929878,0.637967757214247,200.17722414843922,1.600479785723265,21.562200693234296
206.9029386126484,1.4582652283518678,428.09981024205473,2.475660117988898,38.4951197922837
120.43118671044463,0.946442232336102,263.07393191936944,1.9759826288963462,28.677014829011235
106.52126930637337,1.9268149355458235,235.47177665794197,1.8521898109845487,25.877763110445695
184.6174672246596,1.200183641046378,234.77864645738438,2.3857567815907528,36.4875892693442
64.95284439950865,0.348275400823071,92.25858499213241,1.1628906508205097,13.443891561151965
77.21959172929456,0.5361108147061586,122.42999742803264,1.4675772709305785,18.952799222532438
255.40017859657974,2.918486287934275,440.43237459004206,2.636551814576729,42.602863677639675
106.84696553069165,1.0412259911101525,112.06801465957896,1.8559998715511343,25.938674330029293
245.23635624143057,1.7761244574571362,148.40895235254496,2.6009315121266643,41.90641722194211
76.89053284727487,0.6377855503372338,106.30749938405785,1.4619010869477378,18.81681437701528
128.75910623275126,1.2910245125460484,227.04558286975893,2.0368676317775365,29.872658402223568
136.33762785673736,1.623380068380239,272.3988719512988,2.08996635232275,30.86941908020747
88.07338128268702,0.4314163150470377,64.22502135936267,1.622168959648873,22.040441872207303
92.74534120040478,0.6567800570519597,154.9563216798383,1.6783746824854169,23.077518674002416
100.91699784639894,0.890174969243665,293.3231315044402,1.7861765934278555,24.82849717482537
120.39534621544816,0.6392081935005836,88.4357191320583,1.9757412966083585,28.671099322448388
138.13148269228316,0.8103102822304561,91.14958417511708,2.1022989014948674,31.081352039306072
63.47696268075908,0.5235461626257744,193.57360824157738,1.1200080600907534,12.89962986018626
220.27637623871894,1.1262110823832598,217.25066612408372,2.5226566437706714,39.58152204012201
138.62900005091603,1.6844583716947712,320.83660434850697,2.1058146025058013,31.139450914530222
82.4993728475547,0.4329756713104918,70.76378088958461,1.5526776914050506,20.630283449785342
351.71694822339737,2.41224965189309,269.95219251512884,2.882991983976485,47.58070586188007
53.96784557578152,0.514187421989055,118.55609325580023,0.904839426569523,10.086867199094216
119.24475251194893,0.6584670348632488,78.98556514232787,1.9662627700695818,28.45486801758864
196.08130415658584,1.037819733339622,131.69958969291807,2.4368553467635707,37.54524068337222
280.8367722871032,3.3146151700977327,365.689825736061,2.7286156363659444,44.10379338613938
114.25847126070565,1.2275566949465484,104.5080701654234,1.9239755717006557,27.46444892849716
231.86104511161298,1.0605236631484027,281.3521350055129,2.5583983750260453,40.56899438132718
191.79852084650656,0.9765850502893044,203.72019885590524,2.4204170812600845,37.17704305760071
50.72254775160188,0.3116236771160568,34.53889552178733,0.8287269763971921,9.416032521614692
296.9333147582164,1.344095005819392,753.8016443521564,2.7689712607703254,44.94685631775297
169.88795921740586,1.7001085236490927,170.2200128375367,2.3027597753826,34.89237953386232
80.29084557965452,0.7664065827677203,147.37252851994523,1.5152383322440843,19.998564471584665
100.56342175733367,0.742846498881211,58.722136405284616,1.7824087290652946,24.764491193500476
139.1370969568911,1.0835205951201643,200.03955456682453,2.109459414245637,31.224999065685534
107.64271818821281,1.0141647736918271,140.61471810321373,1.8645001017888236,26.10699531439786
51.24473044231009,0.7003557399723287,78.70324447836374,0.8378815375296992,9.512545220658343
136.78724314447084,0.8311374218741824,69.32343210706257,2.0930082527618388,30.92325171963094
183.91433855028376,1.5788003988508306,598.7487660020904,2.3821940649334388,36.41674305140939
89.81877317834464,0.5415560593634173,42.5714278787642,1.6418197759339925,22.41786222284814
68.71136250286607,0.6278891600395747,192.32097488901573,1.2617773535064551,14.985354015416757
161.35768843461074,0.8848821383047538,280.3540475037039,2.246571079142957,33.93200477322659
134.32713842305276,0.8191207557950042,408.88624662657963,2.0767742005011196,30.615437911087152
124.88324979242014,1.1209224760084324,69.85371691214705,2.0077081111668873,29.310811765444548
77.03285371333047,0.6132143630269005,133.95246338364976,1.4643399242938777,18.878040188818417
215.14212304768068,1.4077029365517668,681.1072257954952,2.5046788486599403,39.16564818732434
116.02590281720819,0.8378604220076844,105.14286896298921,1.939823784033901,27.815116154784132
131.82095654603975,0.9310815356517046,287.3101855035191,2.058553762422269,30.29806292819863
91.97804051452603,0.4323824573335946,270.288952509068,1.668306093696938,22.902308528209552
183.09130040642466,1.1812782824596084,104.08947860638918,2.378074954363257,36.333920703478746
69.2331283612039,0.5115508218864849,86.568175070726,1.2785105044550364,15.23211085783416
194.0280196008964,1.812667690701544,200.91316099918572,2.4298554388536724,37.36884238103845
96.5137002513596,0.7162680682298408,320.21862103008505,1.7297736136229862,23.956365668110593
117.69618661701998,1.076326298202201,131.65888807164916,1.9538658140656844,28.13454224232383
243.05540008410708,1.866675582509817,308.8779503119809,2.5936598655374317,41.7516033438185
56.59655224992533,0.3531797371446072,124.43346654254485,0.945928215890052,10.75834185460222
284.5807171038948,1.9758165140215247,451.23403272735146,2.7389085261356065,44.3072633220486
110.29683473303568,0.7615486740579425,111.47428820827409,1.8916481762420694,26.641164258644466
284.2601807108152,1.336048767514615,381.69234680094445,2.7381597182646042,44.289850484142804
105.77718083137951,0.8241119416947078,120.36573070916593,1.8437037248615542,25.739439638282416
59.78017673057168,0.5706617342543283,81.48804469346862,1.0117471682000283,11.771065547315004
154.0022086327101,0.9722379369917604,419.3453789514682,2.203448459741007,33.09366573566954
143.8009888421949,1.0880147885938385,199.21342549360008,2.1398395093935165,31.810001418496377
53.310622490644576,0.6223881926569571,157.03901284451192,0.8842311785870735,9.94222599827264
164.68539752051325,0.9270306846083314,236.75484830048526,2.26815992432829,34.29892811879843
440.5300281357391,3.010452028733412,606.3654014329627,3.070339066776387,51.37882245464806
261.6315497601638,0.901362625906698,695.9532164272371,2.6598892077932623,42.98712606362748
80.17183763514878,0.3395475475321118,67.45299380283086,1.513348036686014,19.96493615934712
179.87958198906384,1.270671747726812,252.81504722009586,2.3626042364609203,35.98270722312489
348.81016882903526,1.2488426288959644,208.19026563669118,2.8775952500736683,47.45435489313896
243.3216515253953,0.8648407076792671,173.62088831982962,2.5945407989098666,41.77049900507979
178.6639142248355,0.9938363820125348,263.02128918882687,2.356960907675218,35.86212117601406
159.82699594149648,1.5914236284758043,474.65142532398835,2.2370977931196934,33.76474024048739
390.32774482659073,1.815799448328724,360.1988259585382,2.9686515787504977,49.174746460740316
152.57796757066393,0.9236489480792612,399.5223969148233,2.1957886220119804,32.928219659379685
206.65514240902667,1.287977952602451,115.75110018679838,2.4747066879559916,38.475029169700974
79.638895173953,0.4547316430952706,37.734449211433734,1.5050527201117496,19.815435400255367
59.800804361586614,0.3938919792701172,73.49224795393907,1.0122569419978744,11.776615595308211
65.17549061676931,0.5388344323911882,337.5069224342216,1.1679102969622475,13.524459613804234
113.02775697619404,1.0203596702201014,101.63325288347342,1.9134544622764251,27.209800787150304
191.30383389390525,1.2612614224419223,222.60732396925414,2.4183674296937587,37.134358410913265
172.90044692535926,1.8549076083457376,267.0518854087034,2.3222828819936803,35.23592359207302
80.71856316257171,0.8256045484062856,23.00420530920757,1.5221513511248579,20.120157457452837
118.25759424617614,0.8017705905673342,94.02331127317774,1.958278972261732,28.24296928489951
84.54512797733304,0.6433727673283371,126.19789536804694,1.584650627961636,21.170651616884278
222.465189994018,1.348898557881749,105.83538713073679,2.5306433077610397,39.75830612283929
211.45436310805388,1.1778556299985563,151.26212417916875,2.4923705211313685,38.864830295491416
57.504089038690346,0.3230739108273575,195.99027998348586,0.9625225899716018,11.03714348268908
112.43435242882258,1.1582706102406928,357.0076437256789,1.9085611441007075,27.06735315165415
80.8641698338336,0.7720841375510968,151.38697581220868,1.524548497036958,20.161811342545
75.55082613868066,0.6045034371782055,144.1975791077123,1.4343699543767812,18.19892779872831
131.93442279562504,0.7178208937902445,165.23559220840795,2.0593899052298945,30.31245757853133
138.3750980294057,1.3802016390904963,142.17148714324455,2.104015073378334,31.109785470936654
58.29207868672215,0.4490568804608383,154.9080003838857,0.9781880624672348,11.30648293102111
92.49780974641467,1.048226271266039,268.08536902534684,1.675086049794328,23.020769337848005
311.3261011034973,1.4492171705642676,149.05700225882723,2.8022270235248947,45.65915404235924
159.85188709011726,1.532074404688765,474.70861840820277,2.2372496657386587,33.767454500081875
48.599423289696496,0.3316356069189488,122.44481296013019,0.7974058927482567,8.920520708198337
114.0955463686915,1.6436329895321105,150.7083333922394,1.9225594437180011,27.43102962718393
63.3385588482641,0.3637782350173766,181.98228627302802,1.1160892196316061,12.853417030685335
60.462410964075076,0.4609695154810681,121.74772854019746,1.0294072933761316,11.957676111444993
91.38793757692727,0.7018489828913863,70.26597998286651,1.6608070861320916,22.76537127060401
91.38144660277865,0.914143248694873,145.90390886305283,1.6607257358069833,22.76391553538355
433.6155732816549,2.833604233580449,209.17413899755726,3.056342658734072,51.115178259679496
127.21567447746688,0.9110443718249394,137.22482481792647,2.0258752270355886,29.63394909337632
86.05187388159887,0.9957198846718696,333.8897282933447,1.6010999357143565,21.57799110366645
111.66961585979637,0.7052472658525806,353.16085123424347,1.902387241426458,26.914796427551593
300.3885638672708,3.2420853853294127,734.0526067159165,2.7777106176939004,45.11998363613727
123.92515192383232,0.8739174205217748,114.10986408312675,2.000571220598507,29.181407687114152
95.75047487751677,0.6419309067665749,117.53464055861465,1.719906309667073,23.770287493424934
105.6380615277936,0.5894124014403204,178.1464025594048,1.8421495716418683,25.713707665135477
207.13313951099173,1.1540057665854029,109.69288519013244,2.4765485390172493,38.513787619964454
136.51701674478966,0.6356702212472417,125.97310503273957,2.0911761706200886,30.890340956253457
216.2050967676168,1.696566060249752,452.73775314162367,2.508317764235655,39.2519464091122
146.68769640398003,1.0382270613239228,83.45632563110102,2.159739611048828,32.1883324583494
152.48263548149527,1.051243839409944,70.77500750339799,2.1952825133939884,32.91717184279933
79.74735519363342,0.5152703204850196,141.36825525574992,1.5067188822388229,19.845715195123493
94.5627377988371,0.7934939348016238,121.47249870718878,1.7037955169924852,23.500679655646618
127.39576015111187,0.5009915461005247,130.06851258098695,2.0273292803288276,29.683760354355318
184.79337744666853,1.3403112608663783,230.11067237876952,2.386654522711266,36.505326471091706
357.43798649182526,2.1389278202812068,1006.3182162071159,2.8938161022615008,47.82631947683234
119.31104366905842,1.1123063863620426,198.01862434961825,1.966808916954223,28.467868290416313
151.82059713583755,0.9946216603178047,622.5604900526838,2.1917901722526825,32.84054314928577
214.59666497922382,2.186407345420069,380.54514317541634,2.502827740015923,39.12138011912868
342.9316701573194,2.8319824574247705,1266.7556033097408,2.8668850283137184,47.197955533246194
60.18344731105519,0.6049033730457638,51.3123762488942,1.0219783539424605,11.880610678809042
195.93848411140414,0.8614473349708454,140.31779690922266,2.436377322579575,37.532978858223586
514.9804255623671,4.062203784298864,397.4171541236504,3.182603174080323,54.23393041032606
232.26486994869182,1.5304762140891852,317.7390434304263,2.559548188889848,40.68977581114399
242.34036223352598,1.940079252484512,660.9035983068156,2.59130326287163,41.699096181776035
93.75324105684223,0.8834579114038682,320.1715709766766,1.6921848858165713,23.310794402797733
189.57616260005585,1.025324973899087,116.86543276823731,2.4111164871583055,36.97710617628394
191.760269011345,1.6327446197762845,251.0166651463726,2.4202580286382727,37.1737412696362
51.26944873456428,0.4004372631747254,84.09585366048495,0.8383329082135154,9.517195893192582
115.78729786574166,0.8083319974536916,112.49817363247843,1.9376304778528077,27.769877970989366
93.42620007815054,0.8527779707307639,73.21948780521433,1.6876279146081057,23.2347160953857
149.21920061161262,0.7476387413941822,81.4592926594415,2.1778556191145837,32.50502197273081
177.386472218688,1.510857095710502,544.6740983014505,2.3503392124570555,35.708099303740255
302.476238585643,2.7556016539395687,254.82536024320498,2.7822757223627144,45.22305829654086
62.70210710202589,0.7537761900245354,73.47081095504048,1.0991167705921654,12.626341769426306
100.05923643513067,0.9515961580774598,153.83526108057657,1.7771308266412102,24.67829020694519
193.46643911469562,1.856081020601097,241.99618179480206,2.42744631016543,37.32050147966726
60.452814547700335,0.542295197016387,176.36903173846986,1.0291465933965793,11.955007523411368
112.26192020164042,0.7388126074593739,113.86834628835241,1.9071566502268817,27.032856815819233
80.98018763775305,0.6810631424846534,167.36283116788817,1.5264748790693459,20.195095004848156
254.4406183625499,2.585240842257385,934.9572766918212,2.6330656318640018,42.54004889586615
196.03973293620214,1.4137372944544315,543.6556245571306,2.436716126977805,37.54167136693722
83.77413655663653,0.6760889968943191,548.1899892071268,1.5721134877870522,20.966014490390297
276.01789019690034,1.584239316064317,156.63799120562703,2.712411839029599,43.843333424922946
92.69268195408131,0.5362250185523909,127.08845246883092,1.6776717693304686,23.06542797041744
49.08230982743974,0.6256931177103215,188.13559539720725,0.8038849416889694,9.12281988999092
158.95466957935741,1.262359174828369,547.929993386304,2.231819518150116,33.669739143093864
74.81345131133772,0.3588602492072022,117.74451250059782,1.420313749384913,17.84603794673693
72.23761365890954,0.7063577783625073,241.4817019782845,1.3711922510295826,16.646987660720104
173.46505087188828,1.187246127869139,127.83567323736578,2.3260802079926886,35.29512828922309
88.1291884036511,0.8286932705439752,54.5832868539042,1.6227752735022674,22.0519639915978
270.9113006043068,1.4007618651853198,96.29952207688656,2.693612908001213,43.561811473140246
381.3143595808186,2.091244775068132,544.0476148403915,2.944774176801417,48.82244504366272
196.65832636369564,1.406928379207123,478.4276544660462,2.4387945251397483,37.594802122318455
81.76329280254967,1.0696795134634802,116.20915035788308,1.5399438568345079,20.428541182272447
209.09329290190396,1.7027049269330268,313.95325581183596,2.484220660008968,38.67288479238787
71.36216088174916,0.6580696952901004,59.844345694202794,1.3468927165148767,16.219219961637542
182.7306636580267,1.7331230565624869,341.41405308356923,2.376287110684804,36.29766661764544
248.7949225528325,1.3397643384166202,422.38651633704836,2.61307620006829,42.15914482712483
113.11517512301836,0.4881066843998204,135.39649397585194,1.9141886407594724,27.227491926613222
162.5875846902629,0.809872381747507,116.80326540157142,2.2543862855151318,34.06723022280123
292.709767645512,1.5236212327008416,597.3185253694925,2.7584183136056644,44.73491172929205
112.03076883759536,0.7047402401418964,97.94717988480308,1.9052852873795039,26.98670254901281
150.18616810412186,1.8246874136143432,281.3182420133591,2.183339516769063,32.62538038145047
82.84563218510598,0.9072175940964828,171.60929623686215,1.5578082312527017,20.723634086783445
89.71208695019999,0.5381435781654565,239.29216425372704,1.6405761724365258,22.3873179164433
82.68988987457845,0.8967652004886327,160.85025961715226,1.5554874426614087,20.679043993291714
427.4029061181064,3.666613667002333,717.203039540446,3.0455116928035437,50.881680135686466
124.84246930797399,0.747047019844121,284.97445250937955,2.0074006258880464,29.30528895999821
159.069229292103,0.8936589506313466,458.1116084168511,2.232507837519298,33.68220169034179
207.7008931973804,0.9795177977190216,252.17559472539435,2.4787508678525256,38.559844115153545
125.62459318956402,0.9195590839267516,92.63660444614972,2.0133570166516037,29.411436625652936
94.20871426304524,0.4832808172553661,434.2858464216061,1.6986583111199027,23.41736095092584
114.5910406128583,0.5931046359116923,120.84770124871645,1.9268890167577533,27.53282060454239
49.42373745400361,0.7132859719471679,283.03374849574595,0.8086624423604116,9.178538622922995
76.10132431605291,0.8250093535817884,243.4335700103579,1.4453885508173792,18.467309816695078
290.26708234406817,3.316744250653913,1003.4058522385074,2.7524481415678306,44.61350347858379
117.58380190621914,0.9609223195820196,222.17422119295114,1.9529909556298912,28.112900500345017
118.1259492140858,0.7180045056237887,39.78429768063743,1.9572376480577953,28.217496776679027
165.27743307710193,0.916371720033015,238.9371776441374,2.2721531361870615,34.363891370849004
147.5368833599494,1.2091961751778262,518.1283952197513,2.165896800709684,32.29649926672859
114.74563688505067,0.831244763522247,146.86334260379823,1.9282538942964165,27.564673886256283
143.1452708961732,1.1770381651519966,226.48019818239345,2.1355075613505976,31.730751163768247
200.8580376085927,1.3090603370794116,243.78792412526238,2.453302527200552,37.95647122283323
87.68172083151619,0.8023462774528641,171.51215126313045,1.6179525444283869,21.95986941212938
42.01662016049403,0.3714011187414381,91.91595698021398,0.4289512189241396,3.9593432708090055
70.67918718492648,0.7430046111610618,90.02339304658963,1.3268527963331234,15.894338190860203
182.37773486458403,1.2676772804718432,319.36801303651634,2.3745473848205436,36.26220951941423
287.27024568716445,1.1618952998884844,81.02404277999308,2.7452513943088293,44.45330780849727
78.75696861795308,0.6317058023656971,161.00873802242197,1.4919007563776503,19.541913280087588
171.00808901580206,0.8558097175723867,150.7336056340765,2.309856136155741,35.00836695152417
231.31730211950764,1.611588957802723,489.6347098739512,2.5568919500504683,40.449521492026015
105.02810615395211,1.06145230651683,129.60351227033303,1.8352015609141545,25.601375438170486
114.63472822720689,1.1661219320234495,58.33858974004282,1.927274035810704,27.541817556806603
202.76806417876668,1.6807275194525184,514.8017449801416,2.4601421869512614,38.122109961809045
357.86111166908086,1.364848763459399,168.32550131634167,2.8946275725951596,47.84447540183159
167.40904746811202,1.938940804566268,240.67156568688438,2.286941386283646,34.59848583881672
143.52511349628196,1.5949716333859647,606.6584410996454,2.138009142397531,31.77663545951135
118.86189096091577,0.6556909458895578,218.23394272807312,1.9631295272911924,28.37992797376507
344.4904505686017,1.9008465128009493,720.5710998026276,2.869698943664664,47.26605504985679
258.64943867726146,1.1571941122855651,170.0032601695668,2.648560428273307,42.80372788478517
118.90911629682662,0.8290539291804442,212.66384854206757,1.9635140864499383,28.38915853929335
353.5031895681216,2.166115704862013,322.80107589210246,2.8863423392422107,47.65820235115459
216.25153903681243,1.5112252467070264,310.6470460192307,2.50847771292418,39.25571770864913
171.12686238724663,0.8147985349734806,115.68424133606011,2.310621871624134,35.05039415491008
44.57319637745922,0.1695849296891761,41.714755932684476,0.6029366119443463,5.904208040650344
319.27684236192044,2.8291903526121898,275.0838511030066,2.8201123595659294,46.02353948653353
181.00335594103905,1.3187696252146264,296.82027123391924,2.367915720170513,36.09442385838605
135.57290286455063,0.8629778818161331,198.74804617209566,2.084865273382984,30.780429314074635
117.03711074953881,1.1027737297781293,101.28836250965574,1.9487751794442265,28.00793011964805
88.54314763030646,1.178884134552122,167.1947516307252,1.6273166440323785,22.137752272433005
115.26430867268805,0.7664589860082495,146.2798249451146,1.9328830001431674,27.671071014971336
106.34720342126468,1.0901040445226649,122.44437771864774,1.8501778519872847,25.845300483640322
188.79659928210742,1.2807141802361894,670.3479099732465,2.4074284202875598,36.90317412832439
131.725075629761,0.6597539272532971,268.59514009557944,2.057849103647375,30.285905469623142
67.26553564073814,0.5835756203066861,296.0260268417269,1.2197660940620823,14.352277583578832
92.37408061327855,0.4830346535074844,61.925972180198826,1.67345684467115,22.992483728602647
120.3032812914218,1.0923504730364189,91.3099624633106,1.9751155004897096,28.655909779308416
108.22580018501783,1.32583478524919,76.31237252615051,1.8704049215711425,26.218056425350756
88.57781038224003,1.1956587816256417,204.7774865388632,1.6277004713527534,22.1449612963545
312.64850815864304,1.913031038911043,435.449797827034,2.8052911547159254,45.71989128061701
226.87470852779865,2.277964199640254,443.8338926002285,2.544717640230466,40.08675535504752
138.3956585908451,0.774233957972191,112.33836109887913,2.1041603808988447,31.112186539325975
110.44004286247835,1.3024987302619209,233.39016586625488,1.8927485925851861,26.669282796448062
81.44814912018069,0.7098366426184429,132.5124035637904,1.534434298296708,20.34982772443131
204.39582880595145,0.6903774236321186,195.01482657596478,2.4661490582802674,38.29068097313492
45.38403649033953,0.7650902226125251,104.27156938144066,0.6515205996394969,6.5895009467473855
138.9532944226235,1.1669760789228,773.3127001121069,2.1081294101242123,31.17738710480158
146.0976771997469,1.1717842215161705,92.17694722949663,2.1555381229522244,32.089065587941505
155.88761513001407,1.101386360173927,240.314815582181,2.213914231972451,33.33768132880179
93.13182794612743,0.3912657044986052,117.3015498671845,1.6835891897380126,23.166553395962993
308.72562177773165,2.2949756647015787,253.74818842421598,2.7962683358754044,45.53301814369686
342.06450854111,3.4992497013039854,793.5484044393093,2.8653276310001417,47.16003747322041
241.64122282341765,0.8991118619732538,172.18906113817877,2.589011924073609,41.646738826223405
111.71680322222429,0.9285153083886368,251.75828863241648,1.9027641251619671,26.92417720587134
102.51104673497609,1.081598240707198,159.1638331657627,1.8040617525767226,25.14357499817832
112.9092465266518,1.4246320251320066,138.92041860412985,1.9124674813580824,27.162651649930226
231.0552830271577,1.450328189012773,233.62060511911056,2.55618318683591,40.39772366718489
88.83123561068615,0.7924952299865001,101.50504047050964,1.6305236920525203,22.19778711014342
104.14087103156834,0.7067252175041691,166.38412721167217,1.8238033578509971,25.436510082799348
187.55632892977764,1.1730642976790624,405.02642392703336,2.4011050600576436,36.78455629174363
162.92669194577036,2.0842804452611023,181.20293898257566,2.2565741722119688,34.104329536077664
107.61519947079023,0.7212331566365823,92.83099891992906,1.8642253182161357,26.101771112948835
104.31418371872573,1.057881031137025,232.50437113392354,1.8259918431626703,25.468004581476304
149.00396798678466,1.801570791644004,458.9152213318573,2.176544786100118,32.47828113272653
66.08463922097856,0.6243929647930517,209.855319653694,1.1893443409356532,13.86961045061283
109.21547081309699,1.0932397405980514,296.50467327482926,1.8808086022928865,26.408153482078788
353.8589978821238,2.626753676178951,286.6332396244287,2.88701284391124,47.67362556392272
112.77836453232923,1.025345799050328,412.713980698811,1.9113852297864986,27.13634446179432
184.84266705823052,1.851277648083464,316.99661633991326,2.3869065324129486,36.51029729550839
160.9584171020216,1.19405341814322,165.81593275482004,2.2440734699455636,33.88830712173662
313.7146106466153,1.6031308526857555,250.1921944864959,2.8077784364028253,45.768820006748676
149.52106610174852,0.7278444245220848,155.1648349395078,2.1797036617827867,32.542556596300365
191.17855273133455,1.2147450977934573,210.87911503238047,2.417850835249536,37.12355367977254
78.01287531666739,0.6529546689426613,120.02131285878046,1.48131920127276,19.270157381678423
129.93706462355254,0.9962030887155128,267.66641026580345,2.0450167695125963,30.038537663067196
86.09142171149482,0.7311639452593104,116.47331624935843,1.6014962305456721,21.58732810243141
154.15720266101948,1.2383913635503196,168.1927428220211,2.2042934032722465,33.11171430211407
88.79512938061407,0.6330997075229899,335.86097437102575,1.6301196215570988,22.190248051516583
85.74039983085825,0.718794173322572,183.14974443661123,1.597999744268679,21.493847331755692
221.99886808210152,1.5316064158214997,176.74294658100678,2.5289247689176193,39.72081448589305
69.29289828802304,1.041320032404818,116.56714576999242,1.280484910971229,15.258791311599122
62.074302569513705,0.5977664890798712,189.26238967307205,1.079876228664937,12.43090469481635
97.2757229629311,0.6846826863879136,148.30792008158696,1.7400420514095027,24.120396185211096
102.95566780722461,0.6490284961238051,183.15955249510316,1.8093027682981706,25.222903405781587
203.58543505814438,1.7077053147426513,537.6836576123901,2.463137359464331,38.219674309070584
60.18655261394875,0.3997848563986411,126.91855591403431,1.02205939642368,11.881462736923337
105.61065325699107,0.477300007044899,99.52767870769038,1.8418445557251175,25.708642988771928
93.30275614068395,0.608083063540179,158.6922157122453,1.6859271153003803,23.206095753813067
246.23282724665185,1.4464727940619653,79.27197459064124,2.604296710134544,41.9771731382936
83.27240887423793,0.6341238834548959,327.2601307252483,1.564281369296537,20.834485843136928
113.89725479440366,0.3989142021407204,36.63943683482356,1.9208456780088128,27.390423456918743
62.44909306049307,0.513175356467846,132.88889132645505,1.0927639210683822,12.546894582366214
323.6211217174419,1.686566041240929,749.3410828986088,2.829345365480802,46.220737155335016
93.88373122720422,1.5299612359038546,139.2878633898591,1.6940241733440726,23.341252485455136
73.35144466419378,0.5316013207806419,259.32446689749054,1.3943599259835546,17.153712576049024
235.54576156990197,1.0676607510488063,127.84299674561554,2.5695540917451587,41.17612761994839
139.21493382709508,0.8145125421027907,72.44115073300148,2.1100248003715936,31.23418273809644
78.11736695975658,0.4428313058440922,142.3187046161134,1.4827782414705302,19.308015178469876
133.72618250832392,1.1500317879337492,274.1214086852979,2.072926766571386,30.543836994277637
174.43076288166827,0.6000413808397469,130.8613291175169,2.3321009996474387,35.39654742544266
77.1393419296421,0.5647404628002245,207.8005000414224,1.4661807805492697,18.92062683372311
142.0272496580356,1.3162744211066082,74.1356271526726,2.1282662605457645,31.596080186598954
108.2911067643336,0.8893262438176215,555.0744131248686,1.8710763200573866,26.23053909601451
232.04261956958567,1.3735797001720715,106.15400008993068,2.558912265323317,40.62728070537778
210.13975072498283,0.930923330864156,186.7721973648562,2.488096657412294,38.757918575208144
118.69655201680109,0.6751616042030385,50.30159584730191,1.9617873762589686,28.3476404646564
147.10145877443273,1.2573015610207214,349.0439618546254,2.1627238051486293,32.24271584171759
159.22249968093814,1.7019250345091503,457.69139910638313,2.233431027629072,33.69888192184199
183.83971287181973,1.399237909678417,155.14859261289226,2.381818323763346,36.40922871875802
156.8099010626066,1.1113745935125476,426.05892003469614,2.219195134737127,33.43720246588547
126.29341737673818,0.8529071337320264,465.32372182704484,2.0185519874343383,29.50258149650077
151.13422259901165,1.1034007702862694,51.425534616079695,2.188210117130591,32.76127264829374
132.05916290614758,0.6943701889796713,59.86869614372989,2.0603119482104884,30.328291708783922
91.75598926174202,0.692458035376681,391.2426922058265,1.6654600325349977,22.851992442935043
41.270586513422415,0.5146601329160551,40.08093164211883,0.39880816868781677,3.606055020091192
129.2251160161324,0.7395324816747564,426.1400185390025,2.040063641618887,29.937532706173617
112.08408818018268,0.9742937247433991,93.93507641639218,1.9057157998545824,26.997339791449026
119.32514296390801,0.903663800459736,143.1873975873128,1.9669252151985546,28.47063422078196
109.769424799181,0.7300285367281335,146.43565365647441,1.8868724194923545,26.53796224727957
142.1043561924617,0.7922359715413362,152.99315873356676,2.12875995083577,31.605349362891502
117.64485508429149,0.6010083041057098,227.38613926182754,1.9534658726407375,28.12465476941402
120.17544418264606,0.605263009546057,245.79892927007077,1.9740311690819428,28.634832298007666
231.94785563057866,1.4459123791604975,323.8586760721358,2.5586428180226473,40.62000862752513
191.2791493374038,0.764480283560627,398.0162048252556,2.418265564353733,37.13222934888657
92.32932363754779,0.6314762127558949,280.5097417378465,1.6728698788106928,22.982265151708695
103.3087763852175,0.5850763713920863,156.83424849600004,1.8135404863889575,25.286218652918805
137.65051215599473,1.0372256862817273,131.48057030676256,2.098940261364905,31.023927460831764
250.73705873896682,1.496141999693906,253.03633042036523,2.6198567131587454,42.29061304707009
122.43035730062388,1.039195082711585,201.1770292584933,1.9897861517682631,28.981004437111334
119.80964075325288,0.9141798145975292,288.0041932395326,1.9709516989848923,28.56587933812002
113.96048118663079,0.8210593223643129,906.7238852472329,1.9213909644443659,27.403362891467694
113.57803788067932,0.8022376548639187,235.05872356052717,1.9181090183367417,27.321404843015053
161.82993069965997,0.6725919496469009,193.2999514933261,2.249549923727003,33.98374903616108
223.98924930150977,1.750898689790401,326.42008411328055,2.53579722934448,39.87229498516674
179.96543309425755,1.4196789969860106,146.78852015166305,2.3630067570218802,35.991233651115806
252.94956364499544,1.4491276051397726,393.89839359334644,2.6277052323851975,42.43960927253123
90.97355254194648,0.4714845076923625,87.42093686679239,1.6556619216352015,22.672738689166323
160.5800708903633,0.8572947881503243,61.67001120306514,2.2417242070492134,33.846943367456305
175.57652324856912,0.9245245778746444,330.34330870365545,2.3390485424662235,35.517119248848815
273.5479566773407,1.984166590302045,461.1251010996171,2.70333437160761,43.707158826181285
103.68582515271886,0.8641808522992456,177.28822493097695,1.8181417443926788,25.354131682050973
164.9204169279426,1.1507521815674395,226.16233763769318,2.269739352010889,34.32470611973753
72.92732590083939,0.574430483037161,187.8608397544569,1.3852890972571905,16.964254329768487
139.47190574061318,1.3955807288151545,158.8655222299864,2.1118991177026105,31.264523274534625
67.08023581900152,0.3326278712179047,42.62270050320342,1.2147742057572026,14.27176305281743
208.43260670938727,1.0757316598510946,434.7104802662814,2.4816129770178965,38.619232313407075
106.66574829088684,0.8920149863509284,210.59191857653457,1.8538725674346728,25.904756044733872
361.4742036860622,2.368806656893499,663.0882123192645,2.9016196957278604,47.99922436264444
311.75302469498814,0.959401459774928,95.44948269302499,2.803213605625002,45.6787677693136
41.20124323948281,0.3631292536525519,63.43749622637739,0.3963587735396688,3.583726033560978
100.07003466721265,0.5505886884008339,195.59049303894002,1.77724272050348,24.680130325711225
276.796057514535,1.780654323233722,493.34832063200497,2.715086605607447,43.88623662292229
172.30089711373992,0.9863505337660724,102.59544576561642,2.318296167460097,35.17312907951655
172.7644034032597,1.3071382609684568,245.634309526583,2.32137416939615,35.22166812466011
210.70491677124625,1.071243545329891,260.5701862150367,2.489926925903109,38.803869461425926
56.85553431200091,0.6269744776325946,54.17253902183862,0.9504985996067142,10.830293618626872
89.39720874721095,0.4377901852742775,128.07433816615446,1.6369390797213168,22.320591355441696
130.57509609940766,0.8189667127764202,262.93600950768104,2.049529994669846,30.127670227079875
168.6214076196202,1.4189445584514042,262.22129138831235,2.2949133761484264,34.761576566957864
83.52111364717945,0.7916879651217025,449.8376128818303,1.5681328943446715,20.89952151224695
157.39215883232168,1.110772798701695,276.1363711764747,2.22257405869687,33.50018112667849
141.70529634998724,1.00874874129688,173.27264330890458,2.1262138606708176,31.55740767736789
57.23483823092805,0.3695023894672261,66.56587125806477,0.9574410785961978,10.949443697308235
174.72579863920856,1.4150965163908449,332.22742736480484,2.333875660638529,35.42757000914699
115.35612085171506,1.0388211445511704,240.18233051781658,1.9337105576854143,27.68838201819134
119.17106101269421,0.6321673953064326,109.78162912580483,1.9656569220838334,28.440425000062667
118.67126111003293,0.8999939482774366,209.5595612546859,1.9615826511206482,28.342705663121556
89.33625702435583,0.7621904399224636,74.6764021343808,1.6362407197239937,22.307712036121927
235.49075093316472,2.148873859128998,432.4852723852511,2.5693825887482946,41.17169715763608
114.28903533178044,0.822939723968075,102.77487659031215,1.9242420444381159,27.470723823290644
121.43313476420312,0.8768186450786566,235.51434962740518,1.9828153477658366,28.842898647241103
280.6259221531971,1.7564873790228686,142.5550505586504,2.7279445799076996,44.09232952000386
193.91104777288237,1.2177617092985698,487.57952968422586,2.4293518354466874,37.35877034185865
105.72892576685621,0.6727959507374056,126.6479016686114,1.843163519690764,25.730509564431088
202.90302528250024,0.94405320301167,346.52946752114906,2.4606314670959004,38.13372913012954
154.80372859039974,1.473644234117211,256.47479698007515,2.207842519798239,33.18928252739169
71.70127607884226,0.5752951300216018,172.29000967043476,1.3567145682644377,16.383412137967017
239.4463674939791,1.1859926075335985,517.0593540196675,2.5818997450922816,41.482401492983286
90.186434290792,0.3467435531754197,155.91869392082043,1.6461501709201554,22.498485163580106
145.33004532778145,0.7742604117234906,384.92560211932783,2.1501971046990302,31.995541520774545
154.52505691314985,1.40988323278313,532.3314433522052,2.206307851654011,33.15458346084831
192.56989134130438,1.6935712089028427,233.2553813473936,2.423644881131366,37.243667201898326
101.01327980536755,0.7811422489217325,167.17333574613133,1.7872123623694414,24.84511964730118
151.62917902342647,1.5147626763909017,162.10862256882982,2.1907876295323523,32.81841788777312
134.57525269465083,1.4020031803114363,477.44095283762067,2.0783583091060143,30.643915363719984
255.45535331074092,1.8021586408902817,151.57059423739827,2.6367531641820685,42.606558635745074
142.64797606091682,0.889206416082272,212.70490110529713,2.1322644668502977,31.670778219751572
109.12311780041796,0.7613219525233085,96.92325341508827,1.8798163855396404,26.39033024013532
91.44389331899922,0.7907521618459231,98.27050468079028,1.6615093809137194,22.777926725717663
124.10316661359234,1.9001273112254955,305.11685433573444,2.001883648896212,29.205395468973233
223.35797967622764,1.427877425487232,295.146468925596,2.5338775873737447,39.825076086996134
186.5146520753507,2.1858940027630527,250.39257750377925,2.3955780947380934,36.67914463664088
34.92319517895252,0.3602713717287774,126.05648190833091,0.10903540407294524,0.852193780530965
357.26818243848555,1.788528493354592,331.63449507049285,2.89349088115115,47.819031385221024
98.62857811647915,1.0845201067780963,82.17392495502435,1.7593412747830683,24.431894241699876
172.8761684882438,1.6296028522062465,236.27721109919943,2.32212053522825,35.23337925925322
198.2694727567103,1.535542234816932,349.89548167990813,2.4442769592420133,37.73335969753116
105.07710053609559,0.9840336464528124,155.74608621407705,1.8358454218444462,25.610369043391366
54.05976951239408,0.7304552838032895,131.51403905718576,0.9061381543782234,10.10756025338834
266.8091496790072,2.6980045473269354,191.82589183114433,2.6789176219013804,43.33215314822138
298.30054759227994,1.6917224313269827,137.3315464283638,2.7724521573572445,45.0153927618387
422.8994536130421,3.212972388403244,337.5056762958369,3.0378135349985524,50.65536855806177
156.9325515756737,1.3614361221106357,368.2783111643323,2.219903965347071,33.45045921078129
144.46701568948237,0.8965076379788155,158.10252001547573,2.1443061602041364,31.89069382539622
123.21089061515387,0.5937169924239741,124.78286548478309,1.995366027945658,29.085418564698962
177.65893445143038,1.2568498835946245,288.7626656068615,2.3520786873483175,35.761871258850405
139.9614431728463,0.8720275661759719,202.07917776499193,2.115341307175134,31.348808004889765
95.53594179712087,0.7205275256203222,173.98297638391543,1.717200419487339,23.7251899893112
202.74133346692187,2.630282548364236,112.3605518649408,2.460045374282056,38.11980879011605
176.74622678775162,1.1253723339186574,218.37666974965083,2.3462998542310682,35.640472850899904
227.60105748819592,1.3938867135475297,131.03417866971276,2.5470018333391624,40.140786185075704
246.71187623235798,2.062454011349763,373.5546576138103,2.60592425277198,42.011192791995384
283.2109781463945,1.9498034643258844,954.1813403080731,2.7353930788146426,44.23284357846577
110.49634606397187,0.826244081518339,161.05783272446934,1.8931824696739077,26.68034895726601
121.47734882255052,0.5907228829609192,130.28183492515666,1.983120756039534,28.850241285495883
197.1416071845329,1.777208481761257,451.50917081192944,2.44042845748884,37.63633758736904
116.85193568828973,0.9466188941332534,147.5686195506782,1.9473620063388317,27.972489962000363
276.5232687092714,2.0507180602995643,475.3033027117572,2.7141468890056357,43.87119683290177
133.7729615272271,0.8981992977987742,137.90583961468627,2.0732678887472917,30.549828164387808
275.94553716480954,1.7539156248381214,165.78508971370664,2.712164063715823,43.83934432339517
46.9912635210071,0.7498330218271193,295.41483981583804,0.7699480468328437,7.803641043256109
157.13424027174455,1.595671341397532,407.5216432096333,2.221072966808026,33.47226987380135
140.9634039023527,0.8131882923543517,265.41572338949214,2.1215386624112194,31.468481261146554
