PGA,SA_0.3,SA_1.0,PGD_h,PGD_v
75.59481205222546,181.3652250352649,130.12347048227068,31.376926137495,2.3845175586994385
58.159630604709896,212.77197767430602,82.49781521675587,13.405042639126059,1.2085141277474263
181.78375912747472,458.40017567525314,108.42481320490867,49.08506355124703,3.281114270478679
144.06755350781756,291.43509777298254,65.36787833909541,51.93138608344102,3.438235665245919
106.14506904266278,174.12046772703866,166.32085110242363,28.738712880484346,2.1756455560967276
77.30254271212905,167.09629939208799,87.68176099043232,33.80312579209416,2.510311091961405
72.21300584070889,198.23859869082648,68.10143950067908,19.07234511743687,1.6153896357091497
192.65605614877828,694.7904644380907,343.21375056100334,62.057625973146315,3.9293931590997073
203.2224743477381,536.9143007597344,200.80947946831998,42.27029799448019,2.9230313683802343
197.758299301682,582.9003437583478,348.6799863747785,76.67125091713685,4.574833250462345
150.16599783891874,549.3126517744515,300.06639830600716,44.06482150596611,3.044036135515638
207.65072388632424,396.5443885460315,147.5239783415282,58.726558048361305,3.7948072754903457
181.9340521295288,203.60965161723408,216.01289122969243,62.379161545864974,3.950870428177615
294.3369653330027,646.9039966489331,269.2320513573988,86.0313226801794,4.997740692603305
84.61845050429679,187.29374273744656,68.3230439644976,23.187351729008306,1.8856050420071608
321.7306625852155,514.9903671394985,210.41786765076378,71.81169443157903,4.440312096438361
98.74906542370915,544.7645384795335,408.13003853870265,32.11234467763518,2.397717677096655
152.4374599341208,330.67431392092396,103.83605142170687,43.510017581612054,2.9804652848554034
118.68265127424085,238.83934527505397,148.3319351811412,32.50373128628834,2.445823273670875
172.7717608463552,632.1214624652094,443.2163749867047,54.108201964645716,3.5484086583636456
134.77760835675278,378.35021596461456,30.19331014624285,42.82840647541689,2.958391177766699
162.39507090979788,343.15559072276056,123.52772463064252,43.51826525644844,2.9917897443334494
151.91817707937238,281.13727424913895,327.4366179181398,45.98260368880922,3.1323538141010068
179.00318195469436,472.7878555225796,160.7271497947239,52.73869330638331,3.488448347885961
165.75313919751608,387.628538809887,200.56883076268366,54.765183673477324,3.54132746677647
218.8471668651458,945.707717932223,212.93779502751016,71.22831433931387,4.381930802387821
128.22446188187556,327.91253962759856,237.84275576947917,26.9074132745522,2.1013851553903278
74.07711931464037,214.33606950777946,330.7768536242456,26.174390780273516,2.062518099310737
111.31631471994731,211.8412593333227,139.24607625097005,39.51307344821608,2.8090224065688947
94.13376875119698,273.5279812732883,74.20020898015481,26.407690656486878,2.0832148123437277
314.9571491944838,1234.9809861589285,381.9937962408463,74.51981273334773,4.480108404965175
74.36734279068762,239.3141589851077,66.75851600016865,15.195003910939125,1.3371663480995255
390.23498811908524,1158.0097066215585,1310.5192581561141,74.91824665192388,4.558179881083485
132.0213244409746,554.9084824349417,395.3377360504668,51.061980818815876,3.3787989176384325
286.1719437008743,1260.7941431795214,230.2416385391434,65.0956993912935,4.068723314569348
235.25323651226543,488.22137825727043,253.7280957250001,69.50470329673766,4.28703168701454
177.73904358572833,782.2981319741667,56.256305182272214,64.64415098893599,4.073960046977362
198.3459653440428,506.7710165934687,322.0561964578516,49.27552056669562,3.286918884259806
137.07162467446744,284.45536709811176,307.744449016033,54.89412754552418,3.549007322948538
319.4311668302455,556.1985522545519,168.41160409900883,71.84798099557905,4.423444421336799
291.0318088837526,998.3898884884226,281.46919412247644,78.50914493506997,4.658762377282671
109.42957213798329,163.68166547306896,35.52063063839734,20.549713528786082,1.7167898663184165
222.42189315187113,455.52733734841775,280.29984508095265,56.50128707625022,3.634652613891284
127.09639608198917,223.22584830268943,106.2378858252972,34.637662089854715,2.5367068421881354
175.87401527043457,531.6580021196676,51.21062294462593,50.84266017019083,3.36634804272123
143.9585495844242,403.4252445075946,77.60271312107814,40.34100740595814,2.841438207086793
51.81830068959821,177.97308283908896,114.1383289051448,8.399055701739861,0.7990095151278236
263.78066598709506,683.586042447878,258.9618636323442,77.29791016940301,4.601295770298964
178.90828383647144,713.40993579276,330.9959316233296,54.023830981852406,3.501140280707183
593.754956214477,1558.2125057034357,466.6545242223178,100.56176250768485,5.682593293678816
238.59894384334723,248.04082666691983,185.9310297020689,49.89332807457904,3.3297202235878425
84.892021983993,254.9410285902273,161.84568055655168,41.95279990845351,2.911305704417867
452.6237336174755,1753.3868324560185,251.0840980679735,85.92766914550357,4.9761064179873955
74.08712623248398,253.05140758225326,27.116602972649016,30.110959015769115,2.310124973569535
231.22927659357885,442.8910594459874,309.8361079632332,65.8261766266348,4.115514154631518
133.90779890173152,356.7561869605336,247.68676369149205,52.3266834087453,3.4499565162749066
121.56849494006934,674.531505560316,210.10710388041244,32.53400667534228,2.4116331453577837
215.89289226643774,580.9838509145858,244.13059164039927,63.31606680298303,3.998068966515893
133.08935721309277,452.5582906327272,86.51398110051217,43.832345038926874,3.0136236859242995
136.768434748329,436.34888322532566,701.3646788482819,31.82042867073766,2.3732493011474967
225.7001126826235,665.3595589211643,237.29034727704726,45.832195997491965,3.1421182783961403
195.5155499189073,518.0993097483687,225.15967610416075,52.40658869250163,3.475740371706823
272.94412231351265,638.8195709883142,119.16770759325536,78.05389692053265,4.653049544633943
72.27980935546681,204.33130834063036,169.38985605190362,9.547841469601687,0.8955365874395534
267.2523246610212,464.5178356119855,88.52854755243278,63.53478919409787,4.002736082515213
174.70725987742202,507.3755006200348,315.26875759852294,57.37030787210332,3.7129085130098485
89.70423156051348,242.17572256275912,59.40783038152479,27.862761604434983,2.145537364455294
93.27667918878117,456.20516517229794,214.87659457210162,16.468775197516308,1.4379593351668358
68.74079246578378,208.79364086260003,208.7019124393204,23.64248274424737,1.9059472328848515
135.05927253244465,413.65225025651364,159.68347543666974,29.819389297292588,2.2479308229240544
85.15808088683772,315.53778640452214,106.5539535698435,25.622376627513994,1.9682088662431674
73.34538798833421,319.539190648628,43.125374445517764,30.231875426541666,2.320853717855855
211.16526248096557,826.3402416271156,357.9961714570543,62.9984912489356,3.980192491026408
181.23431711433489,599.2118475755154,59.0484165368783,66.30461577158404,4.151700257523502
257.55512547529486,734.2453467559405,288.1597183629489,72.2786548069086,4.401989723339646
222.35150840997812,1134.7394391419148,293.3923212074415,79.02241783657384,4.684531531160262
108.85612973680888,401.2609811937052,275.5381981135217,28.305057090758314,2.187019865183868
36.911481704717275,111.32423807747759,44.613791453983985,0.2694749104993011,0.06257133113954158
58.7485522864603,154.3219973018872,244.81160932842897,20.176093030712437,1.6897950573399807
70.09138677201872,385.08435450215575,137.10525256439755,14.33229277578125,1.3011256011354269
169.40737900481875,339.2922357283577,75.23030409940904,57.46261779108245,3.7270805568312695
183.96304926813872,555.9776907744292,279.64079803416814,41.806762293527505,2.9135315572231724
291.4582753237455,437.5454147983913,168.79815617200805,65.56042865422813,4.122813180483259
151.11989966875035,254.9816616417567,368.17931275773816,49.69546700068366,3.300563443116962
76.97552726539917,224.577867909609,94.22078328655567,19.364327702165674,1.641008695364877
116.79192516002126,231.5599322411771,43.41316206234335,45.915094907218844,3.089398683052819
208.99489022148228,613.1727463623668,295.2374368816426,45.56140376081311,3.072464551855873
68.37593753403017,171.51031711543558,93.33405156651135,25.657269897285925,2.04782503886256
86.41266643926947,108.5487050587956,97.51331050877778,36.20276945852121,2.642451705892207
240.71658690665114,574.9747703606282,124.7988281332319,60.853279922193394,3.876618738728399
100.02034616828429,816.8215400228029,182.51956096215156,19.594374787216584,1.6411667642461332
127.09398523882017,323.33873817057963,163.9158383148298,50.16569051870552,3.319095966906604
168.58359704995638,368.624413070363,563.1339622788832,61.8009577037516,3.9237251545796967
117.97379109947842,630.661194421847,178.5125972158035,40.760092236090834,2.8663921462277235
151.07976013605892,285.4685079125977,219.85479691258996,43.70201253100431,2.9944851287618266
191.05460807873993,505.5667137370648,156.05076642453525,51.613737131189765,3.4136666764234387
156.2822147347932,471.60151154180596,219.34340921776024,66.33511726010882,4.15288783159768
211.66800129120762,750.638014743917,228.05086562595056,58.89159763249455,3.7780960318562236
46.651598129644775,141.42292526883736,102.96072421329296,4.702905914849182,0.49592743294183994
331.015002638141,494.8085410185213,97.31213820797196,80.20661196116082,4.739479942012219
67.24102404094111,211.27302709705452,33.35046903980196,19.486877290227095,1.639302681706878
197.8411906809524,977.5759552282873,623.7781276802233,67.81015605409996,4.223230855769725
294.11872431375565,773.3354500449146,316.1482116546886,65.70136679245763,4.1050365423306525
131.47515785617927,582.1889349595665,187.10463348926285,56.72950234086074,3.6813297453230276
200.61809266601776,452.5026879336475,184.13376630302417,50.212470266684434,3.3246126425571023
259.51401507664997,483.07947756211297,251.82394373192847,60.13657057179978,3.838752705071658
186.16784550559709,250.1933226731132,44.26719509561166,57.92739425197831,3.7239767959876184
79.89662562513223,490.09951701786713,167.21831588555594,24.814156662577474,1.9832499768838616
479.56634405488614,928.369179913187,167.605575525327,94.35016995874672,5.426050259902199
168.83367740943459,292.88246881240156,352.2745589928385,46.6538997611368,3.116735181006493
341.80392246728354,1239.5114459476945,149.13669037436307,82.34103361186729,4.828818694600492
226.06463166563046,562.0995071530809,306.80710490750846,60.70400146352997,3.86752340902807
85.8428436209103,131.4143007525703,130.74853655761225,25.8013698221746,1.9787638652133241
102.35543297270475,431.7673810399933,128.5534629958914,15.247161966159112,1.3527768549632413
156.501803414912,525.3066710562741,273.6990905888096,42.573358584851825,2.9406624913614663
106.20759870349633,270.6387819888931,122.14151622653472,37.512454748007166,2.649478837107526
69.6723741153241,125.51838044635613,78.32980447404962,21.41995178272845,1.6931906628405553
292.880695979998,436.54224678426306,121.64382179296398,66.72220759719237,4.161311510771944
153.20009177992128,391.8280100842964,235.63524220701606,46.78832354868785,3.131808582462974
169.17104065398516,402.2051470505476,333.4650152310922,64.40267727238188,4.041919240165022
78.3895017990336,314.49752407826696,48.75188026725753,27.238849346247065,2.0923676907647617
125.54847945889833,678.7555214090514,103.5767563619711,43.09978628831734,2.964060786593503
120.64778545858057,368.4911091476772,190.58766891110466,53.12308124686697,3.4699390617686783
89.03941900690435,333.2209846267878,43.33113760955952,33.14521823333812,2.417616842862703
194.7406574489173,520.9499208242308,98.88927189210695,63.774258400374855,3.954602976051768
110.61047262374646,370.52845900467184,115.52671426567612,28.99348520754829,2.2033745125527546
61.51559002886438,233.124649174978,33.06544844780375,13.02935337905575,1.1809903336778131
81.92390529385627,277.689483697044,193.3026979107269,19.90329243205551,1.6752722964830775
64.32945477544048,184.34090668277466,44.211364646769546,20.536443011285343,1.5961488286706993
225.4569248438607,647.0161099131915,266.3968451858019,77.91657808931753,4.630252101282483
251.12220572254486,819.2855175192077,457.31899757417784,67.63107801432176,4.215567018422078
122.80889127678313,243.37383281890808,112.7666491510615,41.328363723272396,2.8938936457004716
232.3253642407189,369.65558893731895,101.59151543437078,74.91897473711802,4.533396195497053
97.45786936180646,186.0468465296745,98.95657612030585,23.405871199135973,1.8699981270572197
75.92095056622233,195.99647435382425,91.27534973041456,22.571476428089145,1.8139448240278186
222.0726239039181,555.678609699289,157.70768653913902,64.92652220833449,4.077294294255386
39.40165967619142,87.07522383979658,43.71707639354877,7.719667941350637,0.7582936184406386
274.0366740197086,683.7714258286017,196.52450104686804,77.32247015724572,4.634476131283104
233.15467496811974,630.3391554976187,126.05468480959223,61.38451335929988,3.9042150006930716
162.8236265142646,444.9890242863997,76.6368395301158,57.6478637766882,3.7450248330647966
102.3726101583843,317.9674394090529,234.99480883649343,39.69029463641172,2.806711923294909
170.57440252320967,320.004506876238,99.06335396617133,65.87383428780568,4.119920011151465
151.6072673763013,402.5465800469774,290.26695776858946,37.68180160048374,2.724731999551398
137.205371330124,442.70369576582044,165.0913162684336,35.77176390652155,2.5749422590998012
339.841181584088,714.9874809197629,116.02203637670624,87.45622021353219,5.057108838739514
198.26321125739963,958.3582155246037,226.40574833636052,62.59903445418889,3.962720447866607
111.97292269335985,346.82424631870975,191.50525741902385,21.994431195162537,1.751022014966047
244.0514459609765,522.576305541068,130.91866578696624,67.25683866249135,4.198856078919021
333.6467996825485,504.69312945612387,238.35152142198953,77.40629543427347,4.626322824768167
133.2171927864255,121.6707025815958,106.95316403061462,35.3275718431982,2.539835916478368
322.1262333298408,945.1496580086454,349.70910843739284,79.5773758991154,4.680284870338157
129.21166058436012,274.28534915921693,115.55290681395047,42.38940182187217,2.9343920943473027
160.97190146576165,395.73890867772974,153.30420779167062,40.737222951045005,2.8663638184605813
77.01240543790489,348.13453227374225,240.84855952846453,22.988654372600504,1.8674597932204
221.21969939227375,608.4271269621706,361.23837779240444,54.808052511666595,3.6035707209180776
210.72680626384638,573.0767138287074,184.18487391079924,80.65449232528341,4.7526596463178015
79.076194886075,502.04764121709314,149.97507666748072,18.521573824314245,1.576920558961012
49.373960154567165,124.42426540922732,532.8628615219402,11.61048269909993,1.0783193764549417
180.37412408452298,431.09057888584465,133.37504079930537,56.9241911296874,3.644337389826137
162.53337233514537,268.2120321223857,146.21598646519772,33.36398880960261,2.4765114034315947
259.15923185358673,595.3115910583989,643.8199383302377,62.31009261298044,3.9507032079264612
293.2761393735221,828.9444266714738,131.02628375753636,68.53052649200944,4.254320012235674
77.84889744556762,199.6005714609131,156.80680916528678,22.996390317727645,1.7943499878705371
230.0020341034884,952.7579906062446,300.1346846566124,71.73417633909197,4.391701052551467
100.75862069688003,117.06507274909895,76.04679909310472,30.56082106373172,2.307916783243649
143.4007870179165,474.32254853697447,250.75621222020732,46.00239152311041,3.109263095435996
119.21974701567747,422.8040768471242,348.66414135346224,43.25587530270087,2.9932269571355445
155.12457492843876,416.5975553832092,64.283418219381,49.13376378425091,3.2828078893547006
166.20435793754046,427.2169364543468,231.05857502219064,49.16038456862657,3.2738144727456224
124.9766763107157,333.84122556876554,216.44953711381152,40.82243106974794,2.8501066646970026
195.86353402321024,532.2799130984098,455.68836284945127,58.3880344421038,3.703807682049871
152.79655473522484,375.929931876564,89.73804310662757,46.53516178307182,3.1649280046389374
85.18072145844162,336.2033936215677,221.83625162546343,23.7580982036045,1.8992762277485173
108.93380478081684,471.9768460092253,463.3916909508922,36.74516351775009,2.66411356592465
195.60462463471805,987.064276627528,329.5801105604119,50.07285750811878,3.3121198489954566
173.7880221582183,704.5040018724361,650.5380525007554,68.32039239207016,4.254608092190177
128.8862606773014,304.5462796249025,77.41176772818734,41.42357402870157,2.8902181273168583
208.42262238682468,535.5556679621868,140.4953243894638,52.74258238561197,3.4813628019402527
145.09262970234008,291.51385621358594,120.95239849039768,39.790001251480675,2.8288768513689915
91.79174448395878,197.78815219659793,134.01302742118816,21.372424082512904,1.730515492070649
229.41924010894775,599.7889875978839,389.5217111589683,67.82245440077888,4.227308930709297
117.03647823546723,454.55479921860695,104.95239313585182,30.061577485704298,2.257556844332928
75.57691186695071,265.5436911133409,131.30487885088223,33.652142013369655,2.4367567409125166
98.62012097757055,518.9364963206447,136.4318370023148,20.065446210064614,1.631882430611431
336.933917041639,690.4945694885762,127.51814658468754,82.54384042188195,4.8466329281154765
324.47622332902404,1201.9560642551273,307.1948965221384,81.24819336036055,4.7595959637334495
116.93608332118346,430.70036368908876,187.64258532888974,44.8769569815272,3.0767638635159944
358.0805380790766,667.784825387253,151.90236686073075,81.72625411374399,4.804523126558311
255.17090152038935,475.0291632346242,201.57674949274633,78.02077451914299,4.640798761358282
104.10269351411928,377.38414477099263,237.03178946324616,29.41422881246824,2.2325624215354116
445.2476096107606,1005.1562442151463,196.20417528913345,85.09832452983372,4.968577707680205
64.23615568753759,434.88991412721924,200.29740405904693,11.332049224604576,1.0518827480676134
73.39619849139093,137.37733182855803,50.60295954636427,18.542288147767316,1.511205137038305
237.67704254456132,335.7707429215229,186.3370308583992,59.46243422134845,3.8383518531933976
407.12983319936245,1601.944935547646,203.9164658207536,100.2384921778155,5.767333666609262
197.8380591468246,689.1166526365154,245.6234437114322,51.33617166217114,3.3979420950800088
89.0160711374544,172.00652247915238,74.11429845842981,28.50881187177485,2.2049122658834563
160.37021588365232,508.3444244326776,249.30791986434954,44.96280857167198,3.081210161234338
239.93390343411664,606.1249165389551,153.26832862023292,47.58585648778586,3.2231118458636603
189.08894282549,515.6144378991083,162.31181483105837,65.77237782657005,4.116162818682482
88.90910968723517,282.19970316211203,622.5517244415257,25.23403915279899,1.9880378768335887
193.32343657250442,687.329802547443,169.49399937796127,65.5372179985898,4.104109596964375
249.58326243072818,1780.6532083174393,545.0989439690518,59.73118800378607,3.844809612921177
190.64613072510295,524.6533770966076,218.25146864209677,49.36671847637522,3.2781474818771525
158.37060933286148,415.85288024197496,185.3299653345771,46.16666481332914,3.152243668147325
706.1395874828892,2550.363156657301,307.7726253432285,110.86243599019953,6.268715730401002
124.16933341433864,469.6222431611659,223.09251624667002,50.3430757517233,3.3445682989537535
230.52801167852462,741.346029440235,139.9247994292234,64.25874791182675,4.058164418070452
119.41420304717663,547.2486489062702,152.80585021146953,43.564080107628946,3.011688584257427
206.74030520366915,719.0399835309997,314.0857836967517,60.38802709040025,3.8695957258541336
61.127591940707696,219.22464007955023,184.57175438649003,21.015017001911097,1.750154130035489
186.10270018471238,555.5196043443779,306.56086790633447,53.08934207207062,3.5118117972544542
156.56336358857615,367.24169969781985,163.91023412716606,55.766753856831485,3.611438892115556
166.68589186860729,301.64232414717884,107.08378378331744,36.7266284917372,2.5901637112671705
264.56394819658476,520.4427811004389,255.40184204077778,62.54633217477624,3.976634115413967
104.19603929223433,307.0327381607551,95.34612434369633,27.557598106295735,2.165128953285553
181.7369886642264,347.629085902602,129.60624156919272,41.78354154744954,2.901479612580867
73.74235126775952,270.90990198530386,147.15827616483415,26.639040652257375,2.0908667913310164
287.0508587720174,867.672830612186,527.8041467998526,63.683092316220566,4.009881786786037
155.4304551954409,514.2209140010281,113.74214372103715,54.32407236898232,3.5188798293158334
165.09377050151315,422.9237998929809,196.8827272493582,62.11580183874461,3.942393563964104
152.56180584357165,413.6629597714289,360.71213135017865,45.46949286981276,3.0858462348239395
32.72949562121921,137.57112737641128,53.245744230649656,0.09253773564481758,0.03818208500264816
551.1912509585671,1188.9079980251665,770.1442105715479,95.51669141584783,5.523665864391576
224.4664117939847,1247.9458761601481,1108.647491502014,62.77882054403423,3.9707115048735866
155.2697075079749,424.99686630044505,274.48280962350526,53.828973833485755,3.506748714430574
216.35948179093722,724.5319976486708,149.41879721330702,66.27061663472593,4.159768060702592
434.8849769255919,1072.7379799786308,619.251482543461,82.93288615113458,4.830327965235531
110.41945873147999,604.0351156217039,181.75633621199208,48.065659197788065,3.226273174968139
225.1597771175321,532.4658697501195,972.610280820711,74.64538633119062,4.53791900600501
251.753859881577,601.452182523335,336.0234169768344,70.8636825598529,4.267951987708469
334.428429999194,681.3199790618586,165.17179994052162,74.39845400010115,4.540034719402366
160.88217461882948,224.58192843156158,156.5302633237747,65.47020293917993,4.10238332871145
112.8307818242146,198.8830415911446,59.92166836421508,40.826765923753,2.865760743161018
111.67824065702088,462.9153785652974,215.23018823216202,28.86211132305469,2.200052144244233
155.20806362536723,411.4683647964421,51.90089049018625,49.61977334218547,3.3291090543430455
44.311648625733895,109.79417404082636,51.46588657735582,7.678907639284728,0.7504828114230904
120.3819024955466,265.0300725773419,50.66238201631922,28.839353297205154,2.2053038832554863
77.1660454503491,274.0078831593588,146.85987206823822,22.22125090303883,1.7867041954674547
121.5585132013427,250.67842564590407,89.94242542931566,40.67048452396093,2.852281034990746
173.21231869999016,284.77902479440553,90.1262480015933,55.00603716150209,3.5799123134457966
184.3008489442433,258.3730380036651,327.7094897952925,50.24273002084328,3.3295497454492975
41.520197213758244,102.92256084242015,22.705755781228273,4.811780881871423,0.5074296958410937
150.56436542305678,358.3516751367122,162.0577506675581,43.100395351397346,2.978103784762616
186.9383479352469,357.1939660400421,311.9742012978365,60.011281514399236,3.8392669792165437
86.06018226894842,324.4444865376665,97.49119956175977,38.161035838399066,2.7195266002811858
45.08618239633336,133.92308631532111,109.02673737198779,9.16602584109825,0.8673295782422353
56.18374387686029,115.15070407644038,81.35169305977959,9.342769466992987,0.8814076979008524
81.83804447179405,180.72675685376137,128.67153099867542,23.675450009550197,1.9223360928795026
177.60735559582778,467.40220029857784,148.64874470270084,55.90576331764977,3.6271029222214053
164.18906925716107,292.5728206772081,286.11578464320235,57.7853927984596,3.72803515188225
109.37484938368641,304.08441958918195,139.98364217442068,30.573677529785364,2.342635347633949
122.61674651255551,488.7047249403159,499.23949011981216,35.441723370894344,2.597216932404534
73.57066373565486,127.36757897450487,74.62725753126848,19.58446859025696,1.640907671278838
157.60536187260467,430.42401024968956,195.47181487050088,40.108502024309956,2.804987913409203
63.838449850257,148.31122542078205,44.03661458411705,23.314477585758457,1.899171250664953
121.61054913521863,351.92088629450376,82.89610052689319,41.73467852308643,2.904857060217487
242.27823805504207,2089.12561853957,613.095032772279,69.97295166855925,4.334462056980754
354.3890492456074,1004.7975573480186,203.15517869956187,88.92809857325905,5.106658185149867
163.3392378084997,341.84132814700934,107.7170457552594,55.422773866134165,3.585414232348449
154.84786875799847,245.3287795536128,107.59462154769167,53.484048373747605,3.5136808685476235
56.62997786702648,235.4007944113481,100.73825391538378,7.746791047478268,0.7553281944862492
115.20820261777168,281.07973825534253,80.28468220525914,41.49218993726085,2.895045420496549
224.46125985557487,904.3672493688256,220.76082953453087,49.67685807885158,3.3061795081210468
44.5720935765071,172.17507887131512,57.1271833281623,3.967997823824998,0.42453970250202994
123.65131088781392,309.49897383947456,97.51986588712309,45.89036927008982,3.0804592535762727
76.0401199866503,160.9972821050861,36.51205518195228,19.35183514001543,1.5917906910394508
180.3620760070364,306.7237190499487,71.64782593047603,43.69435973762432,3.0298512855578443
191.07317623652474,425.1032375063938,128.60013812348572,62.07190530154964,3.936459207646545
359.68760396523885,679.7341880715393,290.4789974093449,78.41410110697161,4.68516550734766
109.08284625349523,350.99000007132855,298.7974989461109,36.0027913966808,2.6204820201083354
144.95348245311865,501.0152230103126,272.53443362019755,51.405432540599676,3.3987358790866615
184.93961958723858,422.92494563999355,139.0519951421113,54.83637065180103,3.6087509565346525
91.42853155650133,142.101278262913,148.26906726517808,34.74476949755989,2.4851788726020643
93.72150900610882,343.21315704623527,93.90639036841515,38.01722868227007,2.7285606613683564
82.12328430209088,244.66086161908873,80.3780742038084,27.441481596812373,2.1008613922226824
126.57109395694538,445.36215848902884,287.594204300605,28.721102417396583,2.201028698232818
122.01392913299019,376.02989128435416,287.90574489925143,21.01345417739416,1.7042491348793745
105.69118648173884,402.68079746089603,264.01887535628344,29.25847687368153,2.2687784026981497
167.31389609914223,836.488895640485,332.4580894935686,57.67633447340245,3.750488242114878
240.46296896930346,997.867449297008,976.9992883865772,76.37999704669677,4.578766660759729
153.38321172074012,426.64730484914315,481.73438407566334,35.73400558907072,2.5583768255651576
273.83141613052356,502.75937790277817,333.755640146549,65.48887539828979,4.10052143639078
90.12143246832157,305.4967606147336,101.9097791546457,20.069116664916002,1.6863631913171808
214.0193357152549,678.345804323346,503.93387792535316,68.92161223521768,4.274358004054203
337.1857193091361,834.8621907562351,112.73158468894927,78.08316873615814,4.64492424458241
183.16253644903136,798.1063940953227,397.4011110438927,53.64168574093579,3.543348791972896
191.37700571894237,433.4811162800977,262.74149848052264,51.76571335882295,3.420213211590581
194.2987297167495,502.7773385745653,193.4749251084595,65.08266274814846,4.083046319444213
394.22366876583163,917.5493209166664,256.0280880272335,79.67923947909435,4.704050786681977
258.3011340377832,583.9139923274935,426.8659405258775,67.36033774065505,4.206216492123506
61.18088804880467,243.39125685796463,92.32078184454338,23.68509230769809,1.9008353942205396
224.08242042166322,591.6778194855483,71.12333090707668,70.2371340852853,4.35078073163848
41.574048275108694,121.57113763429822,53.67953038721505,8.51121087491997,0.8043795411053308
271.58707439000733,606.1177539324191,149.4519146870563,83.09561995856531,4.882400231759786
172.59267087010696,289.415796568783,87.99575100569923,50.65079926196578,3.356389448879668
132.69111359071493,408.015378297107,234.51822376303645,48.01072785860478,3.1962249861826266
71.28649824568194,88.15272187393388,84.75618825042757,19.644859193295712,1.5557276657823904
64.8558985435273,280.8228576999034,134.97490515785654,13.691933428761498,1.1797509970461488
302.9768876763638,994.1518736038563,342.26892647659395,84.49184139771543,4.957353326008721
254.76461805230508,831.8695383798803,256.0496221051832,65.47414747141137,4.0949911024387085
197.58444639558272,307.62572988203823,144.0393920707154,63.802966285415934,4.0049988793812945
329.8701816511342,796.9811215042097,47.19679326851368,72.72155526410138,4.456955759226789
176.62607674171488,479.89943602941844,73.35190216698084,66.51218462696885,4.16601285450054
344.29843862964213,752.3517067972915,93.97826138357105,81.02028648683371,4.742554350948301
27.35878505638911,172.5300818684769,36.13600424113467,1.0063340703479327,0.13508092701900073
40.44036345838183,107.53468745624586,70.85328263378578,7.2926472536701334,0.7116989694840361
180.04065509833376,383.89857399478626,60.475921295850576,61.05147927467541,3.889930069189779
138.44778459521075,369.19382747635717,178.24512120575366,44.64820256701462,3.069604410368505
102.56427438067206,345.6838416020759,82.27872798054793,13.898092985307025,1.2216598951140616
120.19980462696081,332.22837704050073,193.9533707759669,38.351466321536094,2.727207640897473
231.13159563071417,644.0434508592015,127.60498173839416,47.98829847806778,3.189072836871302
306.81826166568675,1537.6669403577093,296.9110363624993,66.54130076317425,4.158308638373248
118.53942816239724,236.48285947256625,192.2759167436109,24.84744958579694,1.9546096007622085
228.1358193921828,598.1145064633372,113.63767267432345,62.24831106890634,3.9425104837485376
128.36345758794707,351.1835116814787,94.25784052055108,48.00695003285931,3.1976346636406947
133.3806653950117,200.06841651871198,72.23035101342138,24.679963559617576,1.8716925108779965
315.5170550374725,966.8616630616891,397.7494489740601,69.35660759233367,4.3033583501887
669.7820548958065,1445.9664681036504,208.8764515643504,102.773783830196,5.8676598898499
524.5419556535312,875.0688971838975,738.1697909567541,90.8222390633368,5.213067634736885
204.24627377420902,779.8917623439808,177.78885194559913,63.907295066085446,4.0479521613691976
545.9842647941979,1342.7187546940193,289.1860783085928,97.22778087472274,5.589134726414382
150.0869277311035,705.8250519950369,888.2575379711607,45.33366336272906,3.0535967524273504
146.73597669433212,242.54697625097074,202.89561418443066,58.98089616389888,3.8085753554810413
173.19032689779073,409.9151964487224,124.41770372676712,52.50732744022712,3.447900011511764
254.97354320990988,1055.8639127744518,225.58535245984368,69.6770223675606,4.259050476091265
263.0629916776993,968.6011877952615,200.91327996319373,63.25555803800659,3.993851286007634
136.63145118714263,453.2235700553556,206.0086576967378,44.794591657088915,3.0560061292244156
332.01886594533494,746.2172400335908,151.71158755577045,72.52621545008721,4.424043562061143
109.36214289458174,230.41523601919297,57.08720206494447,34.2268881176873,2.5261699745156942
262.0742021236842,671.8660686317111,331.75039397078604,75.72184633177676,4.575315569476797
225.5381894000043,410.9300322994274,169.56826321698188,64.88636065576375,4.073501074935952
165.18601090437846,326.35671070697225,78.96036356483167,59.16085798801295,3.807293314287314
56.37043942991698,387.96068384573243,95.35652511827935,7.11278361928697,0.7102031978376869
124.36732265286504,427.01159865865526,154.30325583525956,38.3500150772906,2.7020935834923465
117.05136254634452,327.7315335259431,45.301962934382175,48.85958966199814,3.2880622697687856
118.54193829188428,249.5068302668312,128.4540273601251,41.548729142604806,2.9059061472406276
142.67392859123393,285.9537263464249,67.86333455202082,49.55770626626004,3.330690315593832
79.44127340024191,267.2186536560379,293.95152844073357,20.868501450817085,1.6873919552237424
422.72320425474027,1008.2305221121935,318.1306170183432,77.7521240972914,4.632677232208009
146.41644590924528,454.3948696817046,280.1418403830978,51.57164558003851,3.415738985305518
150.15743340352003,421.21132984130776,263.44280500932643,44.87464613195742,3.049387721572124
91.0884956619241,364.8022596548488,216.9027155505999,28.278415041134213,2.2068304469879974
229.79515929329068,445.80109099199655,151.86095701255672,67.83719886974717,4.228868159635255
144.2191436345985,606.3369509508036,62.00527834032592,43.86746779104755,3.0336380319477962
232.05897550416032,780.0897963724476,1027.2814087559323,57.48246569388485,3.7309171520716675
99.29046193133304,206.24141055398215,144.68852816421693,33.72377412555919,2.500360077915235
366.14720535161587,815.033561194682,368.3434649117776,65.62219502881668,4.1114807613555895
71.2594647260379,169.71959777104345,72.4339269004317,25.626797058614603,1.9861238488965023
103.18562867787337,495.7245246387467,218.63642895480808,34.387642374619986,2.4801541825843043
159.1377946156671,265.4182904559989,134.46662112181735,39.338046596875,2.794340421257309
199.40794050117077,559.6624152993942,177.070879749759,60.51754509496142,3.8721653609057065
123.33627754448436,307.34348501955117,122.18896456456147,50.5364484681088,3.343917695472049
335.5695838305488,726.2334388086201,614.6421906281223,84.16434782157279,4.880449783576328
139.41159242869148,461.66812252635043,262.40527074537874,39.65145784181117,2.791093608922125
273.1933583285215,851.9680406796589,189.2290103338032,61.013240826470216,3.888977752050866
250.94089971628776,869.2160949956922,62.70143431930146,70.6651544368168,4.349988514189166
99.6265744262975,298.9542526021502,266.8473995849104,25.022723436813095,1.8887276771379917
160.19623994598695,759.3757984955597,367.600283047155,45.15299101350222,3.0944638235112913
412.2750427870073,1128.3871026444074,132.11998919396683,86.06541560606775,4.97015554809752
176.29132292500393,425.43564538918315,428.27545225473057,57.10781641726881,3.6821195896501187
280.1638170275393,577.1799362614371,285.84324267573254,68.33243902997684,4.2467285293141765
235.45747177756232,399.24998668303505,246.73248842153347,67.36040119815968,4.190558358673068
68.3668745526032,246.0995830502795,139.95196981284184,11.09244239215351,1.0413950308066107
156.62810878073276,360.8529033082166,131.56237925584185,59.183282765615786,3.7924293654085472
172.9309436681996,471.91399090338166,76.73176438925607,67.50358779227724,4.197800681668137
265.24987571633255,418.96852539149035,243.66785457579587,81.84101601862947,4.776706369219209
167.5021923069847,487.67919356574924,45.319911148429064,54.03039649460956,3.561361893026011
286.0138843998075,868.4983896351063,690.0615217484672,69.26674559497377,4.285152912133201
150.83894380358575,315.98855390215306,112.13422025674964,55.044283240780246,3.6231635073025945
309.60571301954315,1136.2739379824545,384.4494940566236,93.63362590616096,5.388054786250291
78.60002244109904,258.87108139586974,276.778637491578,20.161431892239097,1.674752361956172
141.72600905464563,500.83096709454816,171.53034334771723,40.02645587523008,2.8009718163827344
63.87986038687846,296.0395681500966,253.09201920485228,11.002809001137946,1.021581543521208
76.97929045039197,329.99398344845594,126.51865571268337,14.461848129600716,1.2910906439471486
186.19788787359417,256.2307125704929,110.56130644374889,43.794496261728256,3.000082188564193
220.4292570247082,550.130278212736,185.0488279481639,57.69156891718607,3.7545163087695226
68.05247049121915,118.66742107666283,23.862405180046668,12.214869860587656,1.1426798464511223
115.82556414726075,279.1764425163584,214.99764838060128,58.392911124017544,3.7245032976752994
129.5119347927207,271.7744026642984,264.3247043914213,43.55324677297841,3.004736344727378
43.85706302088075,152.0767417960519,34.14602728818008,5.628319690799893,0.5437928388232864
196.17864278074993,478.9775958655784,168.89143754269443,54.34043676524673,3.5171314301538192
80.10528172720568,303.5736358467568,135.15194769699337,13.003173031319333,1.1459083664422187
198.18075026516863,459.5885451677758,156.58531013852092,65.79704816323134,4.131472890670142
142.41391009806495,204.94545363592215,293.32016024309866,50.9726048382276,3.3798572743367625
232.98732745291696,609.8612490283886,293.2113905604603,55.19829394508132,3.626242890557846
282.4884947910291,591.0653416777102,200.85087724844038,67.62807251714129,4.204066604318902
305.6999416954182,761.186537336789,422.9307075971096,72.76095624504784,4.475657990506746
227.4441411035635,586.6722795974941,639.0707841326745,56.0749452372168,3.639044104787768
87.73065669965379,369.5466789176512,194.55153830662863,25.817485190273942,2.0132009400908593
75.4674982241519,205.92221875241222,47.289058683249884,26.12940841091743,2.0248769504828226
313.18536731427673,1443.353450739348,441.6739183100666,80.90171433254174,4.775795790196691
78.29101990608841,200.4661123027807,41.13712912167758,25.219426430746584,1.969584843195283
140.9215157805217,321.69986816759814,96.49333291008718,47.51470767690103,3.1776782822583334
239.25962796790432,844.5205575376708,147.96315095758123,73.17630708024069,4.494208378919411
177.32127239303014,550.7803422468367,212.16109894098233,50.02484027786264,3.3236122607948824
162.52097240465343,455.0364301729782,84.29184374637263,52.55203603662407,3.463967513803844
332.4231247550144,791.3361474481023,168.59689345899943,77.96297537365872,4.630216071777967
151.8234019259691,428.4954405934839,61.82525169524341,35.671882514911324,2.530366791778536
62.66953652784432,225.4527553332658,326.3384538959639,7.224012908187238,0.7013028619364351
95.54893521996172,278.6513470107914,82.24110976461662,24.040604668236117,1.938930010348429
377.1187438737198,950.6329548963281,430.57367489609476,84.03988495737019,4.879913340952614
100.97256747394275,292.691684557993,93.34347403889808,39.96072900474932,2.834487073994322
69.61643188530543,147.32354873772402,134.10473273522072,15.944611512578133,1.4156924963372743
136.85809940836646,203.43294064942324,109.23750288641182,31.9994824187634,2.4058885359393742
165.16987411508052,286.1801295552323,100.76428119888078,68.46960053764757,4.260567069166188
130.37073751403636,259.8160595176305,123.40670009301515,34.23722183927358,2.47193514676545
100.70744977301098,340.4100694802602,146.64864136164243,30.356028057263355,2.294623523628322
74.41388301463157,263.78581367530876,106.09267424525154,24.805961693981292,1.936517953940443
104.12202193403706,253.3209404906299,147.88732326437855,37.35465778243766,2.6327957858980104
50.90631600066389,230.52782935055095,61.47036239794772,9.302620823945604,0.8759769111130504
68.69457561026917,190.07728871972733,123.8729609534635,24.992909127936997,1.9669207446620514
256.9834048870537,1306.2533619388464,856.7534630412806,62.73049711731238,3.961827392446205
309.88548753474106,822.6343295818579,280.9833936473419,78.02952198115311,4.6500600654919735
65.08925197079199,122.05419227903138,88.12056194909395,10.118425308289932,0.9416996352250523
330.7860250107466,1000.6350550977272,127.35477339172373,78.9242651174492,4.7024256731855845
160.6380887255982,219.12269563964367,25.240729035971448,52.23865626391766,3.4412048193767153
77.1561291609754,278.28743095637117,99.04403521726557,23.67118930817875,1.866785206441473
96.23392925053159,137.54594665473527,50.331513204518096,14.163117839715651,1.297707435069417
72.48680090261564,133.23855036209702,71.73115944669375,18.80608923931156,1.5028128096266424
333.2499752798398,1011.0765177776811,135.46004629445378,62.5205898361826,3.9784855765741325
133.41844515868743,429.38386835297007,30.67155662245587,40.31869633782361,2.822968613973242
108.6688451783925,290.47282043225033,97.32280955236978,49.84992310624033,3.3108357723506594
183.84256962305594,543.7020279748235,136.8213215122493,60.36974601028701,3.8545998025760695
62.96868514192874,329.2204017943987,64.15954934570695,17.392158337294887,1.5007286819627523
101.45605137558279,371.00251310571394,82.83555499971459,17.98995349564181,1.5049839509732867
210.74293272932678,434.91801707442096,173.18028304334422,52.29851619893001,3.4493677801774707
131.1460266224824,431.71967003147955,184.10978136909625,64.55722207804429,4.053244312773239
802.8884093413061,2769.055939009941,1702.2411496441478,131.0108644829019,6.612204228562993
156.84192208495705,291.5204075007056,96.32137063891369,35.205948962910966,2.556355696299195
314.74964585240093,1266.6892665424907,167.37474649524,70.82425621829769,4.36498549188857
96.79030358914919,487.4767754317617,127.91108970592131,25.63209206495726,1.992793965530859
249.13379316978543,330.34303556244515,315.65476944792823,63.97099751931166,4.03294105836574
128.92618600399433,244.03395212628155,20.468950542624103,45.471680627015736,3.0787792543411268
311.12949088453036,1106.8783714121885,232.02329015130402,67.28764331748384,4.199301157091078
57.12954098310114,156.7265598398396,108.68712714723021,12.19412210672983,1.1264102495082666
285.1458388521384,817.1933753925427,489.05351319199275,62.76421384648605,4.010108638239954
83.47863104225485,228.03088610925727,101.7078336391061,25.31261321997071,1.9981841029188134
391.83654357206643,717.2679697156287,469.1954222846104,83.30171176757256,4.8508767106087864
232.50618486519923,911.9428844107692,589.113970112785,57.48096242109764,3.7340055454300045
91.79979474967338,290.35549163592776,46.80266519364298,20.011139691604054,1.6752376513283591
232.72982862090393,1010.1701999990439,291.61867297816934,69.09941580107277,4.28567990202308
258.74915677930306,517.5425802351369,114.14013417495397,68.57214361872526,4.25336713296476
65.09516462175604,231.2972345200242,41.277277551652126,7.477297713472945,0.7230159223066049
110.97325061563846,212.7053604875864,106.92929938885685,17.746150292135304,1.52383269437387
198.82795944561036,552.1321239664107,69.90361561340545,51.54243662041673,3.4105007046619784
238.1290043124932,1086.6062008027113,179.18391636567617,54.83380649119155,3.5881788796256635
105.27395044820723,314.5206244845679,252.79130404435125,17.422604698601326,1.4735355546988005
123.57921679786219,611.2870585686923,278.3385550648657,45.452527957083106,3.120760467565278
222.69372341059736,346.7360696487048,322.7818388753015,71.75299502425776,4.436696185942559
120.29102083177924,275.51195230451117,138.2635273720948,37.89294391744987,2.7368421894733084
251.57475031147843,573.3949035993073,171.6808123462875,68.99697258442676,4.282595387087358
150.19440576191403,609.6213606686703,149.43888829899754,28.592999522292065,2.2117806945554137
187.01183231335415,643.2686565862316,221.00541473638444,65.77092230514624,4.122799869609228
152.42064992193056,556.2800338080851,189.19312787723388,41.06991817754413,2.8677487921473106
247.9101291163754,970.922830614476,167.60726633622627,53.656770648041345,3.508904092522813
227.27882320011275,536.3841733710959,206.38814451347875,67.92895042068459,4.235759503563006
194.43662792822803,533.3233026152077,134.33290583155954,62.868117076096,3.9792445428860166
161.50006685744185,760.5080668071407,124.3414975511858,47.34199595915803,3.2074590060186834
87.86893301115308,304.56649192580824,92.3065367334773,28.97728970281028,2.2185386161847807
180.11593540003446,247.33587275752092,187.2896517296056,58.93348683032482,3.7854822300489674
355.06534376954386,574.1064152982472,403.3630617196903,87.1777216179857,5.02863069062898
147.9797368031849,311.91969239198704,161.55550883285807,56.20302931083,3.6813937445741205
181.29646304653875,532.4646027544434,101.88488587630243,54.13679752448944,3.574912260010931
87.80907702520628,356.8226513139023,163.4699918670835,24.05370010357558,1.8220096900157263
285.5067234973781,1107.2862573768848,358.49706577954606,79.41576461578723,4.69701520232233
25.87874019358013,58.37315931330782,41.80618550948726,0.03292525720835368,0.019960132418739125
87.378916992397,205.43778036042735,89.2493049647846,14.552312403662718,1.2470555582390832
121.94389216901232,821.1539627166835,262.80235878495773,43.58983034197338,2.9810761170673112
78.25081268616465,204.73597983954068,67.78934799693386,22.888150814438877,1.8585358172211568
80.46385714475281,195.36175647154366,205.86015490895397,14.786371855957173,1.301435341426887
77.0222347531536,204.2583936302135,97.2317152332374,21.667059426038005,1.7836840591076517
86.41397062823017,416.61638636126673,112.23759588154027,14.933115826814511,1.3228829764435102
268.718236436993,731.3449922653541,235.54770318424377,61.282509813989016,3.938366000058146
90.2762809401728,214.46196570793865,42.80740498443219,37.053041791570465,2.608626234787411
126.9950543550437,727.8197978591166,245.1303445168314,55.229761093142876,3.6035389652610115
211.38083771379405,510.7712777917113,163.8961152566664,54.51543971654917,3.543702268889579
206.93246461108671,594.3033136876705,85.09884986966222,66.87720972166598,4.165325323198363
149.84346092849688,386.69966785788813,96.43829804123288,50.61437448582121,3.362291214249636
187.55070821465662,442.6526821570765,155.58505476861592,47.12826939281402,3.1950846573047387
280.39131308919445,1150.690598663781,680.6181715699227,71.86717659466335,4.417696644275764
185.93646056420266,507.09042645905595,103.41875435576004,58.90864800329928,3.78713757144279
101.54057524131457,240.5367383204838,95.38902094240196,25.380199597612975,2.011720593058407
210.72929158636873,290.7301101600295,178.8822437041752,64.47642246092995,4.040210783932907
396.8212861025337,1198.938349966532,262.50358843782016,73.7489779836319,4.4807001410980245
49.308215486489324,143.2607006261596,75.24719652302993,6.664483846297951,0.6690711478872489
155.38436105039406,1039.065851209098,286.3840725615808,47.70790994583675,3.1876057108774165
102.69332390589322,281.29429172293004,170.4831219956912,22.930349808209183,1.8177769549785168
308.6133974629495,1335.2735504550278,243.7972924927925,74.40851791717232,4.499716932627274
91.94761824837296,287.5704267946267,153.1215428527669,25.088469156834407,1.954914827662113
154.79673846783402,446.82936312272005,110.06827359830916,41.741136438166365,2.8976800196834516
131.53580929395798,321.08096366684134,58.79929217038762,37.30890056201768,2.6668190163864085
71.88184489616523,357.7579911588764,203.7482859319819,14.424095703945996,1.305548480687047
376.6572006369121,1464.3787528039504,779.3494917954666,77.95608127894246,4.644420433714736
63.85980012720574,211.91653852196396,308.6422719860392,10.12668794489507,0.9615271936814442
211.4966725605082,575.0432185562038,147.62140385774916,64.01233541154252,4.030160781212348
125.67865958268163,334.37567841152924,41.974654233444745,20.44970435127133,1.7001433919492046
306.15343581897986,835.4390948271688,453.31102182201397,66.74907089366069,4.164847467934502
104.30654179891768,715.5091570621045,288.35648049310424,43.23337850127955,2.9751212075831175
171.26311617002227,353.8586692747018,334.0913369891966,65.70593770084825,4.111936937879462
81.12446964371094,165.8565225652595,49.7050672253744,22.197909451972567,1.735113505331452
90.62933519996066,292.478933803804,167.88154992003336,27.115859016238236,2.1123389683312204
88.41820462131146,233.70769574183458,149.72046715435528,21.130018015318846,1.748681731250767
170.33922761763313,266.37687163945384,121.6972605675607,48.74221428673954,3.2489364363111304
157.75211586002243,409.469891211741,137.99256665605446,43.050720225654985,2.9609138865671008
172.33046815104473,355.71000662983454,222.15566514981006,48.30312698163285,3.231774350696472
82.30031897185958,129.4749655351757,77.38281893087786,9.485151202081708,0.9113805851474458
115.82765264715091,395.1709625184468,69.42877170815092,32.05917129217441,2.375852999426379
114.0073598686528,158.86123145335895,46.27956524151891,48.802736562006515,3.2580988167103695
199.8443334594415,275.0043017624852,100.15878670550113,70.3525683373801,4.2744314576076405
114.92322411097823,434.70930150820857,269.7392926241616,18.126471248514644,1.5497622491568364
209.71134782117596,1062.7555111390377,527.8839045123268,54.185602040291336,3.5733053306756415
66.01088129160513,140.43178992507183,86.05075973856759,14.419632461974134,1.2614334971141965
277.0995119171083,677.2762022472215,378.24414536270007,61.41267028950368,3.9148328861563497
199.22234273194326,419.39714782359493,153.7620204895127,42.68095601846803,2.934622153794996
210.39394093812956,289.3231122153888,377.74772957877553,53.37443131919005,3.5009055367501523
365.0744036351386,923.0150120944359,222.9685315153373,81.3819950979999,4.79002691480884
109.16395661375881,168.29921901433875,63.541115862673145,39.804181530290734,2.785056716541565
120.65909930631987,221.89007232509888,130.70617705068673,52.176027641017996,3.448031401705845
161.16146074675038,193.47756189226587,41.462730384231826,52.638478805793675,3.4421093003788488
108.01311913536814,281.8822000282367,208.00120670498868,45.53738918336984,3.100957503258751
166.3744229242053,565.7078497270977,222.01956149566632,50.86575514473666,3.3723139059465685
192.3877488619545,693.6280173647616,87.07868397717733,51.019804859959805,3.388253899409497
160.2065984882765,448.2987293918974,595.8596769038398,52.34282916028297,3.4587756698427783
218.72874684254904,419.20142602657165,90.51074176653498,57.815685220385305,3.7455617247699626
281.09878857941584,868.9854808442552,655.4178399329388,73.61947683868142,4.486815016494221
124.82975590151177,414.30920405516474,131.53828906572076,42.39249782910621,2.93427028162386
276.80503068038155,1066.338002233693,351.59883782390153,63.11339375556901,3.983960801339476
65.3554607105608,112.89650415359708,75.73367374417428,12.704269772681581,1.1699156119774856
211.02380174161786,672.8711938879615,323.540695369062,60.1889618771963,3.867160399368918
146.20504603884507,766.0095710623019,180.33384290577837,34.44643783105228,2.5361697655855178
47.79048062736115,135.01986626172328,55.41417856916944,8.873692862688202,0.8544978872304473
73.64099689513213,196.90951581322915,96.43707904534962,20.997133737161946,1.737413240439436
407.5628670115727,639.379408195747,92.56893357384885,90.41741078660718,5.236216314986418
328.12780195082513,1159.0604210950626,823.6140472171859,75.25605577021709,4.507114482546093
210.3903813748356,519.2925707854006,180.457758925955,57.57914012480855,3.749346743907618
66.06522391022243,404.93397230638175,155.7645785840672,25.89535829065807,2.0533768356462545
135.11092661353507,600.3175583899351,242.06034393407725,34.307216618381396,2.4446996312671567
132.93834101919055,410.3185322606255,228.58864224905443,43.64708317335131,2.995753412811832
55.19946770268372,101.10398975692623,126.94004601841797,30.98518159467203,2.350951016507079
104.49241536330732,336.6773489899262,87.52666274272407,27.973276985465272,2.128690480946494
81.55530010810182,218.5159186512228,256.4600173561494,11.996638776892485,1.1042683250317695
44.86244793086343,108.74218487595627,17.62665664464812,6.198558370939577,0.6332040118492206
116.75787114724993,301.2075451781146,177.0671891871434,35.73367688445114,2.6143579117445244
181.66794426506732,517.551438276792,169.74484234985425,63.810103778206944,4.025322887870357
128.2198917107763,264.5672064087364,65.26389789853386,37.327345960983195,2.6890575911176686
226.49622636556904,803.8707514770734,409.8582205373249,61.605299809064064,3.926587009192721
120.3245158808158,221.72832961485918,155.50504106603782,43.58978163367947,2.9934979257671293
213.12739854287423,568.0861382115914,220.7200465076802,53.827197986096586,3.5540942657901224
144.00588080942205,417.8030680130475,400.8245839411182,58.22336415197677,3.7177910838747508
123.96290046730061,380.10558074614244,151.14432838416892,50.267159605890654,3.362958643331348
185.01447989696675,543.1703050513028,415.78360837401584,56.0209060116822,3.6260672291385827
140.10926460348003,219.50647945610325,69.03249897838032,43.49863956973155,2.982581160335306
389.708920998409,1273.886568780892,263.7528183185386,82.2374043775799,4.843122151299904
56.77056572145529,216.37866488118672,141.48259604907417,18.700332257608714,1.537591038712896
62.83919392021804,233.26399260736878,148.0772662265577,16.787680910115114,1.4166737440170714
102.26586776458178,505.512954969504,20.780131657208912,26.09854679907031,2.0171875782833464
139.98231475493876,498.8710079938951,307.16186266927394,50.424495000291735,3.3720638678956814
176.00056252929429,342.78119505324986,225.07254573423631,43.423369633591925,2.983243871296982
324.422394012623,298.2180843776041,273.8964339380861,81.84392544494501,4.780300723503291
71.13954335014655,96.8347072978871,27.5970488717928,16.048773860073968,1.402741788167059
181.37891020184983,411.34788253813105,488.290522284402,60.33298547958346,3.864445689520864
98.8098631717569,440.19542929329054,193.4724417669092,25.311624506210443,1.968103797932816
262.6248657607177,1057.1587131530166,410.43468350258735,68.05538819217733,4.226188775017549
199.33046893796475,424.3786367443491,718.2761231256407,75.80759042466241,4.540020536510786
170.03028502364404,365.7832084087209,187.07630774951318,60.734663998367985,3.844439090259472
236.84499022392225,498.88993157403314,184.96767896284328,73.2046790060327,4.448113757359568
177.868184723174,455.6577066589986,156.75901854299656,56.39472628491596,3.682855579440447
288.77738636920185,582.9466302096248,308.3273147543342,77.63794323288619,4.628500277135969
103.29264921692871,355.7489788545696,68.21834095279345,21.18888206689975,1.6853999366357297
105.13701371776291,365.4874351547357,116.27582696290855,30.48632104306338,2.2977838853731094
186.99940833643234,1049.6725400944351,319.18738948127117,51.44877299124399,3.407746647523964
207.38753403835662,474.9444449939864,250.54520799041444,56.93856932948748,3.6873496746705934
212.5079415255991,538.3026845925253,206.10689548587496,53.28233933029114,3.49256108012447
75.85374134648075,409.7081307477181,144.76127351968694,21.699957093021283,1.7788944129465305
347.8009996478181,436.58036143004364,283.5517233415502,68.03952205104173,4.230510458869164
118.26631113730465,199.69148844602174,130.2109245263088,36.151803207026916,2.6324701567171656
57.000685687852744,288.636274353325,181.33934455332326,4.549235321132677,0.47256881420523367
174.23765278544917,440.7044259717617,159.23554255251676,69.63511542006829,4.31616689269306
118.89945033056217,412.42287604407096,206.0290726177186,41.53746975202335,2.902121534615665
236.94564271354358,518.5230606002795,232.41580854848385,66.95461405548319,4.168921061287963
280.25540928268515,861.4440137263988,858.2801296909055,66.26475216201034,4.142605006390479
168.3352061709465,732.7594644964864,165.48006708643487,52.109862007041464,3.44610103467203
100.3473711280657,293.4777353767606,188.73506543749272,35.29544379661888,2.545844750840408
209.72349343836478,1103.528565434773,182.4676574263272,61.65546439965957,3.883466354406718
250.20565651087503,917.5873997944664,397.1389099266217,70.63590426973303,4.361705918597813
89.58733948544482,178.5023883589204,107.81889749124292,26.187655230226373,2.0522978759749355
63.542967402160066,127.26465364735887,22.678825876870217,11.549892156766594,1.037707074379073
108.72207521784082,469.7248554506785,154.72003516044452,24.815293462191885,1.9576628629684105
210.91429278185112,665.8463656573996,300.93373017377434,60.61623955246085,3.866392103505518
107.95615195920693,258.9336837086559,138.6433121514571,36.102319705085435,2.619315792458665
226.6456907859816,604.0321561924019,331.67896694886036,64.18727128037227,4.050920071019907
102.90291868474155,321.48242106084996,278.1430217238584,49.44652888458183,3.2870581472021563
145.38379977009743,1230.0003064900882,412.3194957437905,46.196117904394654,3.135160028492117
247.79632639370226,614.125144824185,215.79465930112295,65.85120150015004,4.125157553124577
77.12703139341899,170.10494691558262,79.4933898872302,23.1238170211721,1.8713664067108096
87.05298509606634,191.18794910124782,109.57272557593234,24.485359766972607,1.9098292144034397
286.5306411508114,1331.2635447410958,411.72439039090585,83.8758449483389,4.905864658912509
127.36969697005485,496.4742857106347,105.19157674688262,35.801187833739164,2.6074862078518137
285.6513038196761,884.8999271698264,146.5655470153052,80.68502579966096,4.747062365418989
92.68904939165184,299.97587249211256,128.04014108999016,26.61991971280486,2.1053751477326497
154.50163423030367,566.9343773528086,285.49223478213156,41.92412935724417,2.9277753519095957
115.87619562066868,493.08144188014273,192.01075774009936,48.54469681277454,3.2729737769944824
114.15660959423721,239.7339558159602,58.70439697029351,45.301448247705984,3.063097458697657
98.2256919723003,271.21272866862483,113.84337564720602,19.038791724389093,1.6097176988895197
93.5845690510407,271.9744978411327,256.1564842931756,24.789724233922094,1.978954923676193
196.83114257247098,387.7424906886216,106.07660309732803,60.70053614825181,3.8914762450737035
170.43231163512658,397.02380127600094,73.31738566391117,59.26366539805247,3.7939484613773873
89.06899016656565,256.09228319400074,205.81271015281501,24.43926311236234,1.9428550692817395
263.28133920495173,529.6863015524442,283.26594167748516,69.44547481363392,4.3031387372457175
120.8426805548655,516.4916536991282,199.50190577506396,48.54515831144912,3.2605043817673725
66.21918567631066,108.0511057457368,59.409210309649666,18.032696494090978,1.5415805075818836
389.0988946541145,1264.3033718267368,251.32102762924234,86.90409617983077,5.03020568413468
55.410334938084695,200.39558553068278,79.25661905804792,9.81172382732093,0.9286066901797102
101.74661668942953,231.1627450036456,39.54962671158643,46.160254152517524,3.0955915608964713
242.2932888832122,557.0000429859185,169.29470620433312,68.6333689637889,4.276221690386308
225.9412542436647,1094.4999850079575,341.03097114419455,60.96175216436662,3.8955042991986395
153.85147477171267,635.408733396039,62.50304932189712,40.056460891906006,2.823710655414464
341.03332348012975,789.0846418344081,355.6631813558727,68.17836016898887,4.235341362733011
254.58324747111382,417.6284823710489,145.27716469908898,70.9521234840236,4.393226398531425
86.18811037890723,175.07923927779265,54.63567014946692,15.21917804586605,1.302729782239708
235.57548357844186,429.65642758532573,438.14916539334416,70.6545815971863,4.361125298830084
151.83111147499758,707.9025287021959,133.2603818410811,48.817336403667994,3.2331604391398656
50.55255249027719,268.3653813748392,96.78399063659582,19.270867149313958,1.6305936845176316
86.56818370225612,226.47409633142615,32.13527014533381,30.3492540586482,2.3011351464101417
116.04491279947415,386.90024920311356,100.73828751499238,37.48850774216155,2.629017072693085
113.60169275840772,465.8094285923184,105.9759130240435,32.464255261304146,2.3939896150600046
44.9051507837649,279.7435146148837,63.61287902526264,5.225232546491853,0.5391744291548851
145.19828878239542,368.2772822341054,66.97466388012269,45.85016957239585,3.124985914827512
284.3374534519852,772.8135197114126,1007.1135299107939,67.03361623665697,4.1717483165222795
80.57304458202498,200.6018708614755,23.86772692579662,26.44847720674821,2.0583136317660173
87.30412963623898,266.13490926409105,200.67754540082353,16.187680080678348,1.430951641391287
203.05258202467675,483.903632517564,176.44894524518494,63.76474850655261,4.02303592806767
163.14933516691607,433.23308009005336,365.22034616747925,51.97112825577976,3.427589179121515
159.13126787534458,570.3009001742125,79.61961005944588,33.927176754315056,2.4246154373139195
107.96064024974397,322.193538164173,153.79905439878087,30.2487243877018,2.22261272768925
299.07793659028914,850.6173584831496,668.1195352775192,63.65442199267902,4.014290998167252
129.2996243246919,295.2459774959266,89.60918856369007,58.520404887223144,3.7501426632579835
191.476455220393,519.7335578704314,317.6730781852738,52.69984010731854,3.443652758911392
106.68048838672196,184.31806138780487,308.95855587036124,20.648299005656856,1.6971427690300849
121.95561714213692,454.12765925817666,85.4768225559202,46.063672129855085,3.0989535499330314
64.06833581046163,186.4366542742508,67.13154763107039,21.24198361158172,1.7516470207284651
163.9863534548638,866.6422529914531,128.4004067597336,60.13733189801982,3.841575821826615
129.01905112489536,306.6788958822117,338.38572003171635,34.55291294421337,2.5257992784458443
112.74643355805279,591.4714774950565,107.72554829797168,41.032680794476036,2.8540963211573445
236.0135934787403,927.2447585925498,228.81215676013184,69.15747509806532,4.272145699296614
53.663451475444596,118.61212490285922,110.50373226099737,24.258939027870635,1.9578004775860303
357.3187482101364,1134.8868623949206,414.97544339213465,75.83287789072028,4.570007658747984
95.96201839909114,220.45264455713132,49.307782197066594,33.16279518564743,2.4749406934758356
364.97293896072176,708.7791121266646,251.89429534559972,84.8075983189502,4.936431320241256
110.44415790733252,363.83819202833007,81.92909869490602,36.9006249128977,2.6237389674920353
84.90872660638539,287.8540194751264,73.8615464922525,25.641451467114585,2.0055532995046907
165.6356790898823,478.41004584018634,325.759642736172,53.51630655840745,3.4857807567550325
140.7534728915614,397.6639051767834,105.42059989662017,53.07762625966678,3.465469180118938
76.45137326249159,313.47655737968256,178.12264105532063,16.68642417457185,1.3683156629450621
181.47847278948015,457.29443499756826,214.60136539969602,58.955508537026915,3.7757903450779753
471.96903188902206,1342.5877924372296,374.39663737170616,97.19078695020897,5.5981458216158675
194.4653724014927,231.28915104808223,525.28071226861,58.14881754836263,3.763537461070809
91.69938492425177,124.4652835744507,56.31417313219832,21.06219216828209,1.7455688474678122
221.53741941009224,764.4340760069366,353.4905737279982,60.118171820946976,3.852150360984648
320.42684136882093,478.9688368953439,127.95193810847859,75.37298367672452,4.531599334930966
223.05615854606123,329.2019720875237,182.13689565530424,66.452805942071,4.143860112483392
268.75486120576176,502.432529610697,464.21716314249596,70.56762639923733,4.330071262224907
173.39148887999033,868.5621124436992,462.6909510716029,54.23771027307759,3.543155758931406
529.1439260282434,1056.6796324558582,294.86734942538766,92.18453213627663,5.308560592612157
241.81278512321913,500.4542282256467,425.159076361462,58.370778720530325,3.7273168299559045
254.39776498620506,588.4135249773008,110.30895912881206,75.7226333022257,4.542299322091789
73.4873200317898,182.60857214128453,23.309154551902466,19.7772307675156,1.5873632251799452
105.50315503546508,225.6336793984606,103.35738722315769,25.241718702865896,2.012325932455526
47.155470130705254,129.99438602107625,266.61544071450936,12.009784119486133,1.1063085049913188
126.4615891039,415.19521954464824,75.89273063418884,49.480684868086705,3.2884235852734256
196.5099311635246,509.57301110749995,186.76500355537613,61.32953746243579,3.9245349599532453
402.8696025869159,1424.9470079636876,478.9662559761606,81.25241954504874,4.781335656210875
87.5117024008694,289.45665576073947,27.342087584034005,21.58281991496119,1.7863398896931806
117.61970177936468,364.04956036828395,71.48052990574097,39.99181899990632,2.8071315839828976
94.41719746346554,306.2970133126414,89.1604533378431,23.6825439501936,1.919900985431036
299.18065690823585,658.5272352977963,102.55631111298025,83.17968819103628,4.897121475507069
380.9168079965921,784.6638935077699,183.2755888573392,77.69559081408384,4.628410916380175
79.47660877610558,131.89928127736852,232.6174760872299,23.68434651031053,1.9113408404050816
116.63479059717476,397.44607023763933,212.50650659769653,53.55074005473849,3.4828292556365104
132.63902877335474,424.1653515257295,189.45550457401794,34.68183226198983,2.553994522309258
99.0425679515864,268.0975712495047,101.81743687635397,24.561417511376966,1.9529121692368863
143.3858361208879,290.4876807815937,144.97462297938793,35.27756277639671,2.5622086386556178
189.01868755886858,534.937700921196,137.02474329596373,52.73254669422006,3.4676829175383084
73.73619706003781,180.57762983453708,164.63940828390258,8.067844102446093,0.7829209954391328
94.10284878707121,450.1357994261723,153.4411909998379,28.966027452886642,2.206356967507135
449.3091670119439,855.249835210624,112.60139721677703,81.94502531743764,4.7960794576225645
202.09760710920352,828.1924515358941,956.4945933533986,52.39283992092996,3.468101483317073
65.66646688962231,170.9830736933618,118.10478633612726,9.814146423631215,0.9348881546148659
139.6198716151688,739.9687540891777,176.20363370593088,45.71399431915535,3.1283664359152263
67.98162661531663,113.4881269632836,128.45980464872676,11.44645886342897,1.0548859696739796
56.29885366728112,159.30766157965675,93.08828389116537,12.373579924826469,1.1037156679165019
120.97877108640594,259.4378703384787,70.33977811116894,27.042395655472138,2.1087599640927346
100.55699849882285,460.9291360025393,161.10104705312045,37.773363346653426,2.7131899471356506
452.6303829822077,1236.721861421092,238.8439214045601,96.08678655443136,5.515648034782891
168.02979126781017,432.90998663569854,134.95258816924567,52.460095687790655,3.472124995618724
68.07423894240203,279.8670532939177,231.5428640130137,29.195887257535684,2.227042333785949
104.15476805781005,258.81512120671704,302.5155077441584,47.43959516280763,3.1764430807410085
361.71758069903143,1600.8058704745638,710.8925646228973,78.78611585237171,4.66179264010741
135.00965812253358,337.12047594886354,131.71309958765858,43.45634171169721,2.9875528568968894
118.59036363523727,320.43155205481435,113.5338095158249,34.60981228929621,2.4870074992582683
119.38607256433768,299.2829252619552,163.05361416397568,32.90550875003244,2.4542816731144455
295.1659397172501,506.6972679023702,79.08290181169733,76.3500100653168,4.577204985799019
127.26987581735072,236.42698787717828,93.7029339714408,41.189150724814425,2.851620805341834
226.61848298031504,568.5989324282581,326.4351611467637,67.36089063764457,4.196472331994731
184.75304850702204,482.60486902823504,116.1084176428053,57.6844053763866,3.7277846990623495
255.6287264904286,708.5216104449297,95.50665905223785,59.387777544206166,3.8379821980930515
75.56664781266348,218.96550991445883,170.04699375733665,17.535468236784634,1.5120485795899068
140.6444570180491,413.37024170845126,146.77775016793248,38.43900421831055,2.7552606526161862
141.1243168844099,176.05555136973751,107.69691643208824,42.13200626854717,2.9230553397709973
144.75955202892075,479.58241815075735,154.09125255142578,56.70038211576485,3.688618084453507
560.4779449434379,1679.4362228632858,1262.9138777507787,93.177910307106,5.3627958478166065
92.02994790891822,394.62481273494916,174.40046767986064,37.0329488269436,2.6790327053878125
157.60068679391173,533.6580457553948,567.1202542255704,53.845663539057135,3.533120231187951
271.5565598861636,1175.001055577933,597.8936814987652,72.57895806566597,4.460551042600873
482.17824162447835,1529.357486017927,1464.1067048206794,74.7521769038964,4.486266927274537
68.35266389437449,262.25361211507925,72.18515213934798,16.988431320052833,1.4049732395432273
220.57512034592798,439.64705744495245,121.28562987215031,66.117331648649,4.134560975044372
757.6992571371431,2300.692697728966,371.3004630166582,108.56396066826105,6.14353897228038
283.54990895347703,703.5146414490745,367.279897559364,69.69894728410026,4.317045367631262
224.86564461827712,858.1005131850966,542.1011608009119,66.54939394835738,4.1492692622531795
128.03761991000053,426.9468890894151,248.54513089644928,36.51000158497852,2.662588193646847
266.7763426702769,568.3256125507023,97.61231950299288,68.21544375020558,4.219057496450479
206.55610601089103,732.477185663593,205.07332916391078,67.2281608282617,4.184324381557649
50.54050453027009,136.3334331629745,62.84981944421272,1.4607247499789247,0.1811060220076757
135.41099921489322,364.6452081739805,115.69135428385005,37.92669763159806,2.7329286724592103
74.87273838435128,293.2275069362717,46.718547999653005,26.252329541820618,2.063513196748385
192.3695732344894,364.9562654247618,82.48317060240466,61.318857012695624,3.910714771054161
210.76655853431237,753.7485073212183,438.86255214779067,58.42723457567865,3.777558308955003
376.83503508831376,1721.0898152302852,226.34294748611853,82.6615092769969,4.819931397263072
66.95033887794675,235.1121952101304,63.9108417480872,11.888374644800185,1.0953211423043345
137.65240131062308,507.12391113996523,184.2489449875067,44.16441445406701,2.9965602118016164
205.31141106050194,973.0279403844087,186.34032227132985,62.25769799271398,3.954220562362912
92.50752723316127,260.7848124758974,192.48744015206,13.025944967816796,1.163269719683178
132.55856552045705,292.97479592084215,108.01410477228126,46.473954913462194,3.134515803284347
91.68202545536533,295.68830443936326,111.44136855678197,17.211179384522296,1.4868243802898995
263.24216612715236,1383.556924452371,816.5299878711214,67.06875624604848,4.171968409827279
210.1782086064282,707.0549487723158,511.887082718224,57.84713896172891,3.7390152906335827
95.72807970578677,352.67929022300973,576.4851263565167,25.305727978902127,2.0037837649077996
364.658502929205,889.1480549978763,199.80525688258675,87.27115764205963,5.050415292585677
93.26362173465992,292.49080737665827,126.37879555442439,24.12594727940467,1.8977249570695047
43.320396858535425,225.464544162949,182.31076373186042,10.242783412680165,0.9469790282978534
187.63554433666104,730.5445659017861,590.3761755680415,54.23779789654345,3.5604612819634878
107.1978238830509,173.08274473065046,163.908734060962,25.09184445919613,1.9652304150733781
75.55888386610589,245.53628060104185,208.01222473926146,16.218878128311083,1.3697805822252926
150.99000601862684,401.8832457380634,78.23662117023419,55.702582341418,3.6555939718643793
110.69772371448578,527.7598477272186,78.59780210841701,46.80323578731874,3.177146666230278
342.38245021580354,687.3820557146908,112.58636866120725,84.34660082300057,4.947758619342685
317.2086177634475,824.090492423173,731.2971821488419,93.73938552959193,5.403163604028283
243.18206515468518,560.9527459874373,475.6353661705516,58.788704506553955,3.803367797446268
112.88906433354258,614.1166288245921,109.01985283681793,22.664177058173628,1.7783545961846412
232.94205208717122,873.8322726591548,284.3010276190321,64.27445320605264,4.046538856851525
57.20813585360847,234.6291624611157,58.02472290079502,14.84166978728704,1.2812748973631993
201.78268461349836,631.1189645682457,445.8126392883295,55.48207260325795,3.6034753295907267
336.6701423323631,721.3445098935865,410.90891354743553,80.69735720308304,4.727489953912723
124.41578106486507,220.63480267537167,115.18904950723885,40.366850379771414,2.85667100608923
210.1714411420704,357.6542203759771,92.68458628301049,58.91487354245532,3.8044220464169887
365.2378527606277,822.4906583115579,715.118067975784,84.89856792363744,4.917454650063569
166.74349555383537,432.5673734205767,90.79722145389466,43.560492967013616,2.9877899408454054
176.56105061130913,964.043063342576,232.51473857716724,61.90897567760968,3.9376336633858426
95.83949013402354,348.8613422944336,209.96323634078638,21.603086437381194,1.779054171706181
95.19724239998037,268.42834973347533,246.54447021306038,17.253814170308353,1.4369963519760989
87.95864695331755,287.62184819053226,124.60553378049661,25.17209018107767,1.920101266378443
369.3680820792877,1519.350257698773,719.8293349963299,84.64908615997366,4.951530364129942
136.586166891813,255.00257151776776,250.24012469712062,44.80587037098218,3.03840021549827
133.85119936245025,304.7214300757642,396.9920764266859,55.291344770286656,3.5926615323604594
152.59281845197594,356.7644166022982,122.07112628964556,57.720731176185,3.7472711525077127
79.91834795267583,263.14466424090165,62.573538213409336,45.201576196210034,3.0747841852358966
137.92891034066972,217.71986616894122,462.13991791588285,45.46018083664123,3.0615502368844707
246.58299652404628,450.87291157043535,132.6107293459797,51.74897800788947,3.421299428265392
60.94213445587022,402.77086289131785,432.980119277828,8.239842809305314,0.7961982589136863
82.90907479796685,350.07519082176344,137.8957610572084,16.852202957979255,1.4706252305617078
360.3988463182048,1952.171396204768,1576.9076998436512,64.68162790627397,4.067898809769367
188.26815352035274,506.73708618344114,232.10504259438756,36.42193161929017,2.575784776521873
105.17155234071885,305.5155759830423,28.398754544294206,42.49767250770229,2.9362417195147685
143.03343100623638,279.39655640970363,181.69909301540358,56.03783662315904,3.6614040445941303
144.1138900291612,415.2181895022761,492.8060028209273,54.212464562322815,3.5793895751077236
128.50449300171306,398.2176182607735,109.4162169709395,44.29453364349935,3.0087912026812234
155.08890607619608,424.69576928503227,158.7660950555775,47.664533654413084,3.2311426921223
340.5132477191816,962.8757417963723,364.0621059937634,68.20043216144762,4.238668120421916
92.48951329664685,299.9316796762827,121.17392075423494,22.092287945122436,1.7992641495732484
42.124335573765784,85.8939459333831,83.68587225033576,3.1500671862170537,0.36187631417899585
89.18273897982147,264.5252597632503,100.24659714656092,24.966883991101426,1.957883147281452
162.75990262927294,421.8778548867902,162.89489520479182,54.179369069216776,3.510926980061473
361.49291900091305,562.8165516664978,73.19720178091714,76.5987081967964,4.608258703226674
65.55868072615274,203.22453228823647,123.15833679676575,28.691092856195755,2.18602501718169
122.15091108336897,274.4277605581684,135.4899447465983,53.47781625515102,3.5323101570857554
296.56722286177677,763.4071593768623,472.01037700547033,84.90872653629165,4.907452824726093
108.23968934476409,426.5851368405894,145.44017487685437,41.94812692973098,2.920267094450147
102.8071973735885,382.83041616271527,37.85130312552367,27.562455689450427,2.1061605590580346
229.0076183096934,901.2287507912505,686.9181553902428,68.19765264264915,4.228698130522294
358.49630713422135,521.9132681890841,106.52762790524842,80.23882480322608,4.724205893437399
205.61873758989339,984.3414986959573,198.99440178947208,53.184211093626445,3.490513498197772
236.19701512042533,1137.9844662380303,782.617700634055,57.82277550878855,3.7603496885568632
116.07722147000223,214.32114474218832,165.45795132851563,29.811420334000378,2.2579309069603264
346.6461523726331,736.1134178887827,489.8529204405793,87.409707984338,5.03940595432838
309.5842468159161,569.503003557033,173.77990303330375,74.50590854155541,4.507415231738499
95.14862157196211,278.3951842948252,121.06872700783262,35.255326544687925,2.5828592217951476
468.529756809519,1014.4609336885198,357.31448417501565,94.80957819320078,5.433481520254048
225.73369498307792,596.8507183860083,260.38162299794783,61.96603076973831,3.9150379927264733
163.15425050055282,213.85901545807667,120.50243932654195,56.456385594851845,3.657457837344678
67.79484538256031,74.83895949547019,57.39354490758762,6.946685596992113,0.6861978789340272
279.951468738952,797.3660142584408,235.9831819251009,81.23506910885904,4.798515500212153
151.49569425083504,383.31423978059206,185.87037112519602,61.29108753813297,3.928284934884901
141.2564891659686,327.7597054919122,144.52309577360515,45.92289087270307,3.10945719088407
112.80120437046534,354.25682953490735,73.70790076023114,48.5865630208936,3.2795961622953644
117.09199675022434,601.9957722577426,128.98826530116182,28.22903301696952,2.1690444483165012
136.08737884339274,247.79792214387203,71.13439678758228,43.47006640718623,2.9798692623653538
148.32163186816857,663.8793631431555,182.0259673903446,41.282646291685275,2.8770284729502933
351.3024161318995,838.9895781298272,1325.5797451773558,72.17784049808631,4.445673029150903
147.6241517328985,316.95647852190973,254.22842887516836,29.218795228562197,2.2044499038954983
85.2227828689791,224.0654478421303,309.7779564158358,38.33131057283468,2.75341351169746
109.9446109574294,245.7183876917532,79.61372492256747,37.71505353976738,2.6756394971091177
112.55119300730405,466.9032793866907,71.15906601184066,39.73870280645978,2.8180911347796265
110.80058212948353,578.7754039012725,67.91448616209217,41.29860722155064,2.877755192650649
104.17832081429397,534.6614216540773,152.40942447619324,21.652001926640253,1.781385763146221
272.96829806292516,777.6724013410441,341.653361731884,75.61695003141811,4.523776829905905
165.57966003891084,913.2065034324795,527.4347996137553,54.52915486750079,3.579657630627797
165.82070321314356,378.5568328502974,106.86470292158144,54.62254171073209,3.5942520134124893
202.2558030180603,810.6829689859592,276.4168642362828,53.16517056859681,3.502573158227404
143.2051902047774,365.99518258528377,159.2676932267226,33.57670623563746,2.4973917844962497
178.34100610927268,234.53061781386697,122.0347974686293,53.65421201663916,3.4898045261992845
53.72452862251753,305.72263092009524,79.13748087655952,5.7457360456334445,0.5611836561809737
181.21361999644273,528.7056805305905,832.9275526696434,49.62698010825592,3.303901090025857
153.92646455388754,496.62312102956236,92.8262068894893,46.52283512700031,3.1152901518851532
168.67524084384343,333.19824032733146,320.90259282001233,60.17398190415721,3.8463861855863315
82.06187890070942,171.8196747495689,102.58744550705086,22.797804503086045,1.8352831905949472
347.525291992988,1012.53037747149,272.8889566152971,91.83344917475424,5.360479940291314
505.15230304864224,2121.018632080546,1033.164273019219,100.91126052259831,5.795850731065795
340.6682634626374,385.1610819903711,168.80979132395328,84.07258319539594,4.921959353184401
84.92882715224911,344.9100844956445,183.40175962441546,32.36911559417453,2.432475155308255
113.03815388786737,534.2549512865869,155.59379994132124,43.586287762882556,2.9982092520119075
140.5632381052741,579.559749971001,114.07273165593615,43.6047230170104,2.9930410413148043
250.79103344281702,683.6990335461031,164.3375399146605,63.362912408829615,4.002468588723582
73.02511330066368,278.2231477771988,74.86262003928447,26.42043533249915,2.0512798641172787
71.62743586784876,214.1268722273436,110.00406765430725,33.32333568566976,2.475189987006276
210.84901376568865,482.305862940094,306.0101712319964,68.36265047288542,4.250894192699716
193.61423494391033,1177.6209092657027,119.00807343456515,61.38756019741608,3.9064764641200345
105.2700682023191,317.38449666394047,62.25886773268718,23.992346266604784,1.887565403796223
124.4823212428879,610.5259909158042,217.41253430352802,49.22572014851735,3.272632373120668
166.65705956680813,781.460373131799,431.2840514650082,41.618268293994575,2.891323120178832
91.0255743451111,344.39640203330094,399.25147164751627,29.788123398694278,2.2396218913919066
106.64471035212252,417.34583310479877,343.66577220322347,33.97187860432773,2.462778967907049
334.8894228311866,993.3798358280652,294.9432444010015,84.63858972177907,4.908255943703234
149.22333533466215,551.9754254561591,507.2206316301796,36.258416590064165,2.6069600962313126
259.39769395557374,775.9493303498496,253.66327596036862,70.25465228788694,4.353983032484963
194.38921718871464,588.5055977875503,107.28367324045017,37.10369666709781,2.647235814069066
347.7399900353351,648.8835929409507,114.86583605956977,93.75864847875087,5.415101200886363
213.92399341113284,461.4379217245044,136.83796663502474,52.91891253408959,3.499025926600739
238.20872454803632,597.9556952947254,178.4203171046283,76.82148763592821,4.574550460857098
141.72037853262583,417.1258499414379,105.28638870162716,32.295983655577785,2.4099221754178726
124.99207477608022,390.25153720344554,243.75824221250755,48.61545327323006,3.244401741688583
106.14360739350506,283.2411543052087,93.32283231734272,34.85125675988232,2.5633149384034635
138.2680450542432,458.1650651968625,156.46313750527628,54.576309973058734,3.570752216189652
114.23767055397504,331.763092762116,370.2430945399347,27.866867605960824,2.154431129611133
102.33124661912815,307.98757096692754,118.61610389370624,33.950611526214495,2.5206591337497355
210.2052491328067,661.8765536366324,202.8378240250781,71.32082358194836,4.391010278894925
114.95486511728747,595.0385058977255,130.0426640203863,28.508725433633515,2.2284730007851294
98.88206596220499,257.59956122868726,193.72829242856483,16.608047816998056,1.3956145470225096
111.00291299492795,295.87219612668304,251.59208640737793,28.087436835558652,2.0755565413356893
145.74293484466145,410.30719284828825,173.05892769837436,36.71219782919425,2.6619937706539636
175.2660726956832,429.77585350071746,261.0743449350755,64.84504790040592,4.069890020849046
48.677671956139044,103.25998317174496,71.20057420056278,20.660762715599656,1.7129533790375033
133.33682470437566,218.14413437780476,83.05700183380613,40.68203386781799,2.8285246360518346
112.67408495065223,247.44473852492607,99.86773776127397,35.592501274639574,2.5589463369539014
569.8425565626887,961.2632134956732,152.26633300647185,83.423607088921,4.899078660262511
71.2930062879966,207.92743150261083,258.7750142755255,11.352039385358342,1.0511145304995821
144.94988097624477,142.13765696859807,20.748634997081744,42.8315945034565,2.9522111155000825
50.73698206997048,188.02231625394546,161.85091187060567,7.910305431300244,0.7604626280976271
349.52650281154666,727.522131569239,660.9114509825259,81.56574832570908,4.762693903332891
119.2692463443103,924.9425176215785,111.26054349629253,30.45822997681429,2.269967604703865
50.703250852325645,136.3831062611651,177.3252599672576,16.48466586569555,1.4319041977254015
396.0260052639019,761.6571325360178,125.06041100938624,69.00612362850521,4.269739967677379
145.1888950402308,346.1697408543254,47.592690688007735,39.40306741817606,2.8008682458341005
75.11038875861709,147.509624166117,165.02412613057524,13.55028160911392,1.2253681268318584
129.5281521612628,475.2438907177219,155.16567833745256,46.60864768774121,3.138383287463906
201.27133254591226,252.47799920213572,116.63700066937538,68.20683884166496,4.242271607749732
105.70146575796441,268.081844341048,179.97020408655982,35.22692220325275,2.551622801374852
189.85952187907452,633.749795512344,100.18622482147406,58.7775430318041,3.803970920707241
218.91805387747223,726.3509337850327,917.7380158000929,50.74189383782434,3.3661917378563304
257.87146354513925,583.9096592125328,129.79864116150117,63.99797868817567,4.026728418654065
190.90820571270322,237.50039678778927,80.90979000124797,57.68320950847683,3.749600176635871
89.94770823505159,194.31145403196942,44.547654567455055,29.801362972449787,2.254341164884627
204.8231203849185,574.460360572555,331.86846370961285,59.240543581864124,3.786734478685619
190.52554137898753,840.4650166793958,363.3543626492183,44.79119670942479,3.030946947412703
128.37368573141643,429.3905163888189,133.8811856411577,55.477569134078436,3.637005214595764
193.272094716454,568.2456623521102,501.93246113809977,57.86845727498363,3.751224725073992
143.30964820179042,399.91630986937827,415.41830698499973,41.9380835250749,2.9121072978390234
207.79344956668368,563.8661031592449,33.941698716930865,46.508793463672525,3.117205488238409
178.76659411807276,317.2651089519792,67.99336148880221,41.004010612088415,2.861569069587604
87.78226452498923,229.30461255804872,419.1599779593493,31.57306188918663,2.3814378145667883
49.72949920692216,237.73772780517766,50.74379699906399,4.6539872477245,0.49733176405621077
123.56014927908107,261.63938855990585,403.1030749867741,45.387561716665665,3.113141718749582
144.39983930264597,531.0085399893107,103.773196918217,42.959378511312714,2.969302135130113
120.495116996214,321.96968239465457,152.63546819249746,27.55694521388453,2.1334707176936467
111.20289103547492,272.2697648364586,158.80317374337469,41.299645471814905,2.8707195284384683
144.01539589529776,326.2714345072199,140.9364585892604,40.368660742785984,2.8195993158930075
143.253076667343,297.58221715613735,354.1502972684127,44.94108237770405,3.056539035868571
122.24599807740917,175.33688370597193,143.1372250970878,32.36924438518896,2.4036716685853876
278.7866886637619,638.5680105277003,250.67241909358364,69.21246301496103,4.238407269934468
184.5952205239366,301.9664270973517,449.1089419877573,49.09721317789613,3.3152538184135354
147.81703481254038,374.7117153346956,338.63689343564795,39.35946844738173,2.8025897249544514
151.6664408199635,347.30137078919887,176.38358097976592,52.80199442523486,3.494824989007364
174.23684079080667,589.2087338646896,129.5145120064414,54.49402832334824,3.5811815281807617
319.2260758196142,887.4124817152168,161.56623984003926,68.34185081633434,4.230778085621649
113.90778984567758,374.09201896990504,145.70185797592165,40.60741480349147,2.839061218589084
119.4954647200226,314.8718734714128,204.64643634768518,46.723609172789956,3.131622749983032
122.63598706329223,436.77949420496765,633.6868463165418,31.43882477723738,2.3527899316840606
114.66189936553255,321.6376279057623,210.87972858962448,35.04328883129214,2.5176160118891273
169.85992429461876,313.38338125187477,275.87198702218916,62.02323865733804,3.936675665563595
346.42984578837,971.1873968950634,449.5174897705033,80.73304492344396,4.738377834500765
176.18004840157278,627.3727760047249,138.5411271199646,46.12112894978514,3.1158710635074254
328.59467963592886,874.4329685989737,341.0956935567646,67.75486540675146,4.218772789907947
115.30383380245063,182.94348104518875,128.09648825018414,26.16979263576413,2.062092108503089
188.7321881630111,357.7470093775331,45.22018435640873,55.98097780001751,3.664240850729501
201.01621099146095,408.87288786356123,319.09531136198154,53.80579546512772,3.5201200283482508
286.9216754968999,922.7104578182754,604.6827829736026,72.38142199275904,4.445444212735757
134.78527299094043,355.5292650549781,178.1198896963969,48.450385260034494,3.230227060756902
166.516819142336,421.0273504344557,217.11523429634417,55.75211242231795,3.6499589901315184
58.50741721676118,164.98764266875818,119.23816498308588,17.913000343797417,1.5416994356760008
144.280892331947,667.6888679356844,107.7223745632213,53.98101935920495,3.530435450781425
52.21023025084327,116.52631303776954,22.22337841613112,13.738739497375592,1.2308999840937513
278.21368589633585,495.750296745606,762.0240295858957,65.03742201754085,4.0853708083776965
126.93367995814145,339.92816800984247,203.1122635636182,36.490053812520586,2.662300464393819
720.0261745239046,1752.0871490929628,895.6978791463453,100.96429199217687,5.740856746335542
398.3326937854052,498.1545701983717,98.12485120944433,86.87536051803285,5.092498897837394
62.24385980367651,162.00352846134265,90.644122088235,8.740116694424195,0.8202975067829734
89.9512073082487,207.3213006049556,161.7866587577622,25.84899268970481,2.0339141236860634
278.8679408291915,714.3565548947398,455.9614234869964,67.93349557013417,4.222297120858008
197.9021893120752,451.5551187463948,94.72543172228048,60.65557565630557,3.8997113942843042
245.45654118711371,702.2428603930114,448.6647283576423,54.617775950987856,3.593944048416353
204.32649649584445,316.0807408700352,279.34246035880204,66.2305125009353,4.137827153901197
58.55730130346412,238.16644443080432,66.378243642498,9.611700149282948,0.9004443076307638
173.02096982823258,215.643345716384,128.4065292278528,41.27311067014089,2.879414457835241
134.47645801100208,368.4593536080275,281.7965368296602,43.21793478669878,2.9810593793162137
206.4447144020621,761.6138825486759,204.74145543693766,59.98868829735349,3.844405834108587
98.26986287605627,315.9525476143674,459.70703622972076,31.84475603293556,2.3906267359431492
137.42581459337606,372.6652783318001,198.83250866184875,57.09616755466386,3.7137173157040464
126.77947711759262,362.6739686960808,265.9967977468803,48.251792507516456,3.257417536643975
82.4281170450499,171.4887904966522,71.32947680784153,8.893156958202367,0.8604135757344822
187.8797945721554,513.6279710616319,277.11525062899636,52.81007017789987,3.4868675791698136
129.06578902406523,425.7940418241087,348.77218691136704,39.094940808163315,2.7959815281315503
106.68264672815098,244.20250655392766,84.28861841867632,47.28805264670803,3.1830193927979433
161.48405237587394,420.5508841817986,168.9048709073067,39.50473283017438,2.781121504916077
68.75156043274177,265.06375484504775,62.20064673913659,23.86613888694662,1.9239506874115084
323.6847097510181,968.6977413038106,382.2198993641386,80.96904311504797,4.769274274570479
123.69409675661495,415.1713913534657,62.7543731206768,38.852302529862335,2.7523860977673866
95.70669428932229,263.28964325381,121.79673873441958,30.62539175780005,2.299902276649031
288.2441579473751,814.0015663185507,109.77794534838539,87.45809596880503,5.059052346092716
334.3751666643516,777.0922116400001,359.9184371059612,64.64833973094774,4.065831876184561
93.80386167100504,247.4713540184368,75.29518266154916,31.53827599427408,2.273240607170599
304.5569886748887,429.2851779561497,422.97674488375395,67.19991918944139,4.187656477696
183.02838020998607,508.97990613509046,310.26608999191086,46.7168082478846,3.122167039790089
70.0175406851965,235.33141954419693,204.10140715387513,15.25983561958989,1.3008030039011023
308.07972250576506,642.1736187629773,679.3792045920102,66.06277245493402,4.1274430409785134
91.31948666330013,121.49023771968929,82.79395034164135,32.24905216989708,2.4171368190621227
122.10584559283882,218.02025153981384,238.34470378314347,46.91847478818986,3.1836779824910173
115.85892058702994,370.5762745414838,442.10347945708224,46.43115131321722,3.1773103770620432
195.65754805959233,657.8969441767447,169.54470346266308,53.87151235680402,3.554884472614346
130.4418079293375,450.7963355499665,240.08884005978976,41.16354731832245,2.877635308159459
151.0039906621942,699.5792607108856,92.86238300513897,58.11790608551993,3.6924157605672416
90.9426933086992,465.1646121563296,266.913721222628,32.75884987781296,2.3567562457692763
321.55846933272244,953.5986559806348,156.27996910005646,80.05206811864794,4.750572348178166
193.85921452440752,369.37764008873205,248.03854057009235,56.27760801248095,3.6533647866614034
137.96530398292796,361.4404447205501,83.79268195846706,36.560550493648634,2.662683800584696
180.12526730417713,521.0073469081526,163.26196241101078,37.197417880650015,2.6968487367740055
142.9613234431049,916.0343969890847,236.7208165101872,34.87015109919412,2.4911425031808596
284.50064205363464,700.2614225070852,411.13818412690483,64.84195345604704,4.07720161298786
202.3437610329221,1047.761915148817,220.69923618012308,64.66650565142619,4.066615469419263
30.636124492519322,120.81762243230138,81.71914676623517,0.5321941316549729,0.08260340366438754
269.52845989698005,747.3196699521951,283.2545103400521,86.4887988020281,5.00439725144845
93.15710576224097,397.78261580804167,39.587171441668914,23.847292838837312,1.92735471963948
277.9405008032007,931.4662818340984,519.2961781985796,77.49563438086062,4.627253158298901
187.1849908726954,612.7016231319533,262.51786597757047,62.01707697388791,3.941359768532397
119.30564527287125,404.74966260012917,131.0306855443017,33.04107466323889,2.393249341925581
67.54167769624308,257.0652000733793,72.20938941273018,10.391241429175315,0.9782724231365258
428.09085302171377,1584.2003844082492,211.5220098048681,80.23649652225905,4.714339183008449
381.12691150046385,901.2432418461862,150.15842167534876,84.79791434457273,4.907624771525988
529.5953001757971,2554.064598875615,357.34224702877344,95.21896894555586,5.497090301931562
208.79104044882342,901.0060462111044,369.5667071038636,65.03369829305328,4.087214606370573
167.39080011824484,356.63072283601286,188.39123807804225,52.52810301321054,3.4805393731033254
117.13376464987027,250.920788206923,91.50915541581448,32.84874909201388,2.3483520717147264
200.91799694933627,575.0546732515227,285.04793028935364,68.92474448384576,4.276408645091252
201.056097787112,533.3917086363715,116.76365635306273,50.98358654774522,3.3787645612988
133.4685631574225,408.78935692186684,174.67977062895113,28.210082583613787,2.1623216307294024
170.83526542674608,819.351779814,76.1631004369704,54.379643092941485,3.567369434130291
163.95731923239882,509.7137290142136,186.74251286305275,48.72304058399321,3.2837839551057058
392.94812426764713,788.1203317149455,139.17973134891125,76.65082762453056,4.598828474748717
258.13217398423495,866.2430687489247,311.574434823017,79.0044547545696,4.663736869441909
429.2605331612287,1184.0181016034867,1003.7654971252219,84.03233330853614,4.889681307810013
140.01791746286216,330.4977315488943,141.0105590975083,45.37946205265913,3.068144410948984
123.4564232025387,233.40496651574503,145.5667575623617,40.17950616590279,2.8123587651535744
211.3171143974494,730.6852369738428,316.3927144147485,78.13631438565734,4.656563926996569
153.32743386990055,527.9044149506249,229.15646904234197,44.989408369788286,3.056628010245446
461.0943277292041,1214.0374541586407,371.55544535791825,85.16924543813543,4.92877818527491
127.3363166428069,278.12398998294356,140.4770887813314,47.381353653357905,3.1557340576198247
425.02556743609733,800.8650772351076,198.5300468240433,79.5305477733828,4.703611816794601
37.53097659551172,243.21187358318846,199.30741558382363,7.711167262754152,0.7313626897030253
171.588306139281,1021.1488304863216,332.2170898153473,54.75096693196085,3.6037032428020837
156.18806505520212,317.4965159587429,201.03117497492147,35.06610799237104,2.522420233668687
