Building_ID,Longitude,Latitude,PlanArea,NumberOfStories,YearBuilt,Quality,OccupancyClass,StructureType
1,28.897,40.9825,5225.813722,1,1948,MODERATE,GOV1,C1
2,28.9024,40.9828,35931.54617,2,1967,MODERATE,IND3,C1
3,28.8914,40.983,7241.969412,3,1970,MODERATE,COM1,C1
4,28.8962,40.9831,19986.75101,1,1948,MODERATE,COM1,C1
5,28.8952,40.9831,6549.096525,2,1968,MODERATE,COM2,C1
6,28.8998,40.9831,22976.31937,1,1970,MODERATE,IND1,C1
7,28.9007,40.9836,550.9055249,1,1958,MODERATE,IND1,C1
8,28.8938,40.9837,550.3748642,6,1971,MODERATE,IND3,C1
9,28.8939,40.9838,1200.983258,5,1960,MODERATE,COM2,C1
10,28.894,40.9838,1457.045913,5,1916,POOR,COM3,C1
11,28.8941,40.9838,1889.442942,7,1949,MODERATE,COM2,C1
12,28.8942,40.9838,1927.138155,7,1970,MODERATE,COM3,C1
13,28.8943,40.9838,1882.263414,7,1964,MODERATE,COM3,C1
14,28.8944,40.9838,2756.852629,7,1947,MODERATE,COM1,C1
15,28.8947,40.9838,1165.882148,7,1951,MODERATE,COM3,C1
16,28.8948,40.9838,673.8595161,7,1949,MODERATE,COM1,C1
17,28.8949,40.9838,2259.226306,6,1958,MODERATE,COM2,C1
18,28.8949,40.9838,766.5604618,6,1965,MODERATE,COM2,C1
19,28.8966,40.9838,813.4781927,5,1959,MODERATE,COM3,C1
20,28.8966,40.9838,788.0333858,6,1958,MODERATE,COM3,C1
21,28.8969,40.9838,1444.215333,7,1954,MODERATE,COM1,C1
22,28.897,40.9838,1388.770432,7,1948,MODERATE,COM3,C1
23,28.8959,40.9838,802.6873729,7,2000,GOOD,COM3,C1
24,28.8956,40.9838,1751.944756,4,1963,MODERATE,COM2,C1
25,28.8955,40.9838,1207.915216,7,1968,MODERATE,COM3,C1
26,28.8954,40.9838,1212.554462,7,1947,MODERATE,COM3,C1
27,28.8953,40.9838,1321.894259,7,1978,GOOD,COM1,C1
28,28.8952,40.9838,1779.34967,7,2011,GOOD,COM1,C1
29,28.8958,40.9838,1280.571609,6,2009,GOOD,COM1,C1
30,28.8992,40.9839,2068.016209,6,1955,MODERATE,COM1,C1
31,28.8991,40.9839,2425.012048,7,1952,MODERATE,COM3,C1
32,28.8989,40.9839,1564.545082,6,1955,MODERATE,COM1,C1
33,28.8984,40.9839,1059.148293,5,1949,MODERATE,COM3,C1
34,28.8985,40.9839,1947.761806,6,1970,MODERATE,COM2,C1
35,28.8986,40.9839,1075.510512,6,1943,MODERATE,COM1,C1
36,28.8987,40.9839,2141.221561,6,1941,MODERATE,COM2,C1
37,28.8995,40.9839,871.5258065,6,1959,MODERATE,RES3,C1
38,28.8997,40.9839,1006.735586,4,1934,POOR,COM3,C1
39,28.8947,40.9839,1235.373951,7,1971,MODERATE,COM2,C1
40,28.8938,40.9839,1928.246837,7,1958,MODERATE,COM1,C1
41,28.8949,40.9839,1053.351927,4,1954,MODERATE,COM1,C1
42,28.8928,40.9839,1902.59644,3,1915,POOR,IND1,C1
43,28.8925,40.9839,4746.130836,1,1917,POOR,IND3,C1
44,28.8975,40.9839,2321.473998,8,1958,MODERATE,COM1,C1
45,28.8976,40.9839,890.5510175,6,1958,MODERATE,COM1,C1
46,28.8977,40.9839,1740.050635,7,1941,MODERATE,COM2,C1
47,28.8978,40.9839,826.9201635,6,1958,MODERATE,COM1,C1
48,28.898,40.9839,2360.525463,6,1970,MODERATE,COM1,C1
49,28.8969,40.9839,1189.347472,6,1955,MODERATE,COM1,C1
50,28.8968,40.9839,617.2639537,6,1971,MODERATE,COM3,C1
51,28.8967,40.9839,1321.04391,6,1961,MODERATE,COM1,C1
52,28.8971,40.9839,1293.660523,6,1963,MODERATE,COM3,C1
53,28.8972,40.9839,916.9075275,4,1956,MODERATE,COM1,C1
54,28.8972,40.9839,469.9221717,7,1969,MODERATE,COM1,C1
55,28.8963,40.9839,1113.806351,4,1941,MODERATE,RES3,C1
56,28.8961,40.9839,1234.588185,6,2003,GOOD,COM1,C1
57,28.896,40.9839,1142.373768,7,2012,GOOD,COM2,C1
58,28.8957,40.9839,1159.88665,5,1961,MODERATE,COM2,C1
59,28.8985,40.984,2420.458914,5,1961,MODERATE,COM2,C1
60,28.8999,40.984,2659.256257,7,1942,MODERATE,COM1,C1
61,28.9002,40.984,2001.64594,7,1961,MODERATE,COM2,C1
62,28.8955,40.984,2945.382513,6,1977,GOOD,COM1,C1
63,28.8995,40.984,874.1080685,4,1969,MODERATE,RES3,C1
64,28.8998,40.984,2759.134578,7,1941,MODERATE,COM1,C1
65,28.9,40.984,1202.145761,7,1957,MODERATE,COM1,C1
66,28.9005,40.984,558.7061305,7,1951,MODERATE,COM2,C1
67,28.8996,40.984,2031.26822,7,1952,MODERATE,COM1,C1
68,28.9003,40.984,1407.801025,7,1963,MODERATE,COM1,C1
69,28.9001,40.984,2078.86623,7,1955,MODERATE,COM2,C1
70,28.8947,40.984,1143.686965,6,1952,MODERATE,COM3,C1
71,28.8944,40.984,1487.270973,6,1943,MODERATE,COM3,C1
72,28.8942,40.984,1666.662297,6,1944,MODERATE,RES1,C1
73,28.894,40.984,2169.928909,6,1969,MODERATE,COM1,C1
74,28.8938,40.984,1568.958286,5,1967,MODERATE,COM2,C1
75,28.8949,40.984,1253.392736,4,1968,MODERATE,COM1,C1
76,28.8928,40.984,2431.95477,2,1914,POOR,IND1,C1
77,28.8974,40.984,1679.783503,6,1964,MODERATE,COM3,C1
78,28.8982,40.984,1138.918553,7,1964,MODERATE,COM1,C1
79,28.8982,40.984,1105.432029,6,1974,MODERATE,COM2,C1
80,28.897,40.984,1040.032665,3,1969,MODERATE,COM1,C1
81,28.8954,40.984,1100.738964,6,1946,MODERATE,COM1,C1
82,28.8964,40.984,4429.058339,7,2003,GOOD,COM2,C1
83,28.8953,40.984,1718.458232,6,1971,MODERATE,COM2,C1
84,28.8952,40.984,1041.608501,5,1958,MODERATE,RES1,C1
85,28.8961,40.984,810.3286726,7,1951,MODERATE,COM1,C1
86,28.8957,40.984,1723.592617,5,1972,MODERATE,COM3,C1
87,28.896,40.984,2301.205555,7,2018,GOOD,COM2,C1
88,28.8971,40.984,1349.202299,7,1969,MODERATE,COM3,C1
89,28.8992,40.9841,831.0470466,6,1956,MODERATE,COM1,C1
90,28.8992,40.9841,1444.925751,5,1951,MODERATE,RES3,C1
91,28.899,40.9841,1857.710935,4,1965,MODERATE,COM1,C1
92,28.9005,40.9841,664.7177273,6,1962,MODERATE,RES3,C1
93,28.8995,40.9841,850.0970145,6,1960,MODERATE,COM3,C1
94,28.8947,40.9841,1545.643656,7,1952,MODERATE,COM1,C1
95,28.8938,40.9841,886.4650372,7,1949,MODERATE,COM2,C1
96,28.8942,40.9841,1961.098291,5,1953,MODERATE,COM1,C1
97,28.8949,40.9841,1132.051179,5,1959,MODERATE,RES3,C1
98,28.8988,40.9841,2940.506462,7,1963,MODERATE,COM1,C1
99,28.8928,40.9841,1553.512075,2,1915,POOR,IND3,C1
100,28.8918,40.9841,17768.63207,2,1933,POOR,IND3,C1
101,28.8973,40.9841,961.2505311,7,1974,MODERATE,COM2,C1
102,28.8974,40.9841,1124.591789,6,1948,MODERATE,COM3,C1
103,28.8982,40.9841,1056.107488,7,1963,MODERATE,COM2,C1
104,28.8981,40.9841,916.7062424,7,1972,MODERATE,COM2,C1
105,28.898,40.9841,1205.181183,5,1941,MODERATE,COM2,C1
106,28.8966,40.9841,4853.500839,6,1987,GOOD,COM1,C1
107,28.8951,40.9841,1081.708372,5,1990,GOOD,RES3,C1
108,28.8961,40.9841,2255.523521,5,1951,MODERATE,RES1,C1
109,28.8957,40.9841,738.1415866,5,1964,MODERATE,COM1,C1
110,28.8959,40.9841,1442.094842,7,1954,MODERATE,COM2,C1
111,28.8985,40.9842,2848.044475,6,1972,MODERATE,COM3,C1
112,28.9009,40.9842,1198.927351,5,1949,MODERATE,COM3,C1
113,28.899,40.9842,926.8533803,6,1962,MODERATE,COM1,C1
114,28.8988,40.9842,2699.965365,6,1952,MODERATE,RES3,C1
115,28.9007,40.9842,2562.05815,6,1997,GOOD,COM3,C1
116,28.8997,40.9842,2134.085088,6,1940,POOR,COM3,C1
117,28.901,40.9842,1413.064577,6,1942,MODERATE,COM3,C1
118,28.9001,40.9842,2978.513828,7,1949,MODERATE,COM2,C1
119,28.9005,40.9842,604.1771919,2,1961,MODERATE,COM2,C1
120,28.9006,40.9842,2999.234355,3,1994,GOOD,COM3,C1
121,28.9005,40.9842,918.6824962,7,1952,MODERATE,COM1,C1
122,28.8999,40.9842,2811.382597,6,1974,MODERATE,COM1,C1
123,28.8998,40.9842,643.2168171,5,1963,MODERATE,COM1,C1
124,28.8994,40.9842,2307.125705,5,1936,POOR,RES1,C1
125,28.9008,40.9842,830.1299615,5,1947,MODERATE,COM1,C1
126,28.9011,40.9842,2151.490331,7,1943,MODERATE,COM3,C1
127,28.8946,40.9842,2761.28736,7,1949,MODERATE,COM1,C1
128,28.894,40.9842,5846.869801,6,1967,MODERATE,COM3,C1
129,28.8944,40.9842,540.3644279,6,1920,POOR,COM2,C1
130,28.8948,40.9842,1563.016607,6,1974,MODERATE,COM2,C1
131,28.9012,40.9842,1185.76309,6,1952,MODERATE,COM3,C1
132,28.8974,40.9842,870.7238952,6,1973,MODERATE,COM3,C1
133,28.8976,40.9842,3332.861745,7,1947,MODERATE,COM1,C1
134,28.8979,40.9842,1181.253011,4,1900,POOR,RES1,C1
135,28.8982,40.9842,719.4662027,5,1912,POOR,RES3,C1
136,28.8982,40.9842,869.0554892,3,1923,POOR,RES1,C1
137,28.8969,40.9842,4355.121042,7,1961,MODERATE,COM3,C1
138,28.8951,40.9842,810.3243671,5,1956,MODERATE,RES1,C1
139,28.8952,40.9842,2858.076439,5,1997,GOOD,COM2,C1
140,28.8957,40.9842,1682.162327,5,2011,GOOD,RES1,C1
141,28.8991,40.9843,2850.100382,7,1991,GOOD,COM2,C1
142,28.8985,40.9843,1927.999267,6,1972,MODERATE,COM2,C1
143,28.8989,40.9843,813.5266303,6,1956,MODERATE,RES3,C1
144,28.9001,40.9843,1291.766075,6,1971,MODERATE,COM2,C1
145,28.9013,40.9843,2434.086024,6,1962,MODERATE,COM1,C1
146,28.8998,40.9843,1156.313032,5,1949,MODERATE,COM1,C1
147,28.9014,40.9843,2112.977061,7,1963,MODERATE,COM3,C1
148,28.9005,40.9843,3043.204927,5,1970,MODERATE,COM2,C1
149,28.9012,40.9843,1505.644967,6,1965,MODERATE,COM2,C1
150,28.8969,40.9843,870.8659789,6,1948,MODERATE,COM2,C1
151,28.8943,40.9843,1424.775711,5,1927,POOR,COM2,C1
152,28.8938,40.9843,2784.892615,6,1972,MODERATE,COM2,C1
153,28.8946,40.9843,2935.43666,7,1954,MODERATE,COM3,C1
154,28.8934,40.9843,2354.992813,2,1927,POOR,IND2,C1
155,28.8972,40.9843,1005.252319,2,1903,POOR,COM2,C1
156,28.8977,40.9843,1759.716299,6,1969,MODERATE,COM1,C1
157,28.8982,40.9843,1234.642005,4,1960,MODERATE,COM2,C1
158,28.8981,40.9843,599.6843359,2,1943,MODERATE,RES1,C3
159,28.8951,40.9843,810.7333956,6,1958,MODERATE,COM1,C1
160,28.8955,40.9843,1530.10057,6,1971,MODERATE,RES3,C1
161,28.896,40.9843,2614.306169,4,1962,MODERATE,COM3,C1
162,28.8961,40.9843,2980.785013,6,1985,GOOD,COM2,C1
163,28.8964,40.9843,3759.984458,5,1966,MODERATE,COM2,C1
164,28.8966,40.9843,2251.745389,5,1973,MODERATE,COM1,C1
165,28.8959,40.9843,1608.763225,6,2017,GOOD,COM3,C1
166,28.9008,40.9844,4079.371195,5,1944,MODERATE,RES3,C1
167,28.8989,40.9844,540.0544273,2,1913,POOR,RES1,C1
168,28.8989,40.9844,784.3047674,6,1968,MODERATE,COM2,C1
169,28.8987,40.9844,3279.88178,6,1947,MODERATE,RES1,C1
170,28.9016,40.9844,1731.396451,7,1952,MODERATE,COM3,C1
171,28.9015,40.9844,1499.401899,7,1955,MODERATE,COM3,C1
172,28.8997,40.9844,1884.351612,4,1942,MODERATE,RES3,C1
173,28.8995,40.9844,661.669388,4,1968,MODERATE,RES3,C1
174,28.8994,40.9844,1379.997845,5,1970,MODERATE,COM1,C1
175,28.8993,40.9844,1166.743261,4,1973,MODERATE,COM3,C1
176,28.8985,40.9844,1294.844553,6,1965,MODERATE,COM3,C1
177,28.8943,40.9844,2381.838005,5,1964,MODERATE,COM1,C1
178,28.8942,40.9844,2113.375325,5,1972,MODERATE,COM3,C1
179,28.894,40.9844,2180.068512,6,1966,MODERATE,COM1,C1
180,28.8939,40.9844,2199.44355,6,1966,MODERATE,COM2,C1
181,28.8938,40.9844,1903.156163,7,1947,MODERATE,COM1,C1
182,28.8948,40.9844,1910.324927,4,1945,MODERATE,RES3,C1
183,28.8974,40.9844,2629.364879,7,1959,MODERATE,COM3,C1
184,28.8971,40.9844,1099.888616,6,1961,MODERATE,COM2,C1
185,28.8979,40.9844,1388.835016,6,1968,MODERATE,COM1,C1
186,28.8982,40.9844,1278.48341,6,1936,POOR,COM2,C1
187,28.8968,40.9844,1011.454484,7,1970,MODERATE,COM1,C1
188,28.8959,40.9844,1013.740738,6,1972,MODERATE,COM3,C1
189,28.8991,40.9845,1843.427227,6,1946,MODERATE,COM1,C1
190,28.9018,40.9845,720.9753029,6,1945,MODERATE,COM1,C1
191,28.8989,40.9845,989.3830863,2,1925,POOR,RES3,C1
192,28.8988,40.9845,845.1875952,7,1953,MODERATE,COM3,C1
193,28.8987,40.9845,974.2834733,7,1957,MODERATE,COM3,C1
194,28.9015,40.9845,1060.791942,6,1964,MODERATE,COM1,C1
195,28.9014,40.9845,2686.230616,6,1956,MODERATE,RES3,C1
196,28.9017,40.9845,675.7442767,5,1941,MODERATE,COM3,C1
197,28.9004,40.9845,3591.54003,7,1973,MODERATE,COM2,C1
198,28.9,40.9845,2845.062872,5,1967,MODERATE,COM1,C1
199,28.8998,40.9845,2244.156832,4,1968,MODERATE,RES3,C1
200,28.9011,40.9845,2776.722807,4,1963,MODERATE,COM2,C1
201,28.8994,40.9845,1519.777981,4,1956,MODERATE,RES1,C1
202,28.8985,40.9845,2917.633153,7,1969,MODERATE,COM3,C1
203,28.8948,40.9845,1392.440925,4,1973,MODERATE,COM1,C1
204,28.8946,40.9845,1764.473947,5,1964,MODERATE,COM3,C1
205,28.9019,40.9845,892.2161943,6,1954,MODERATE,COM1,C1
206,28.893,40.9845,1177.098142,1,1966,MODERATE,GOV1,C1
207,28.8975,40.9845,2237.354041,5,1971,MODERATE,COM2,C1
208,28.8971,40.9845,1116.486565,6,1971,MODERATE,COM2,C1
209,28.8957,40.9845,990.2495811,2,1968,MODERATE,RES3,C1
210,28.8978,40.9845,2663.798627,5,1941,MODERATE,COM2,C1
211,28.8958,40.9845,993.5121222,5,1961,MODERATE,RES1,C1
212,28.8964,40.9845,2315.360097,6,1965,MODERATE,COM3,C1
213,28.8966,40.9845,1822.760519,7,1959,MODERATE,COM1,C1
214,28.895,40.9845,851.4909409,6,1962,MODERATE,RES1,C1
215,28.8954,40.9845,1939.904152,6,1952,MODERATE,COM3,C1
216,28.8953,40.9845,1965.511494,6,1964,MODERATE,COM2,C1
217,28.9019,40.9846,666.7531827,6,1972,MODERATE,COM3,C1
218,28.9018,40.9846,1356.909259,6,1971,MODERATE,COM1,C1
219,28.8991,40.9846,1408.974291,1,1967,MODERATE,COM2,C1
220,28.9017,40.9846,1318.783489,4,1957,MODERATE,COM3,C1
221,28.9001,40.9846,741.8249966,6,1909,POOR,COM2,C1
222,28.9013,40.9846,1028.965213,6,1973,MODERATE,COM2,C1
223,28.8996,40.9846,1454.61327,5,1967,MODERATE,RES3,C1
224,28.8997,40.9846,1914.931881,6,1970,MODERATE,COM1,C1
225,28.9021,40.9846,1028.126704,6,1963,MODERATE,COM1,C1
226,28.8937,40.9846,2554.297371,7,1953,MODERATE,COM3,C1
227,28.8939,40.9846,2395.648101,5,1966,MODERATE,RES1,C1
228,28.8941,40.9846,1337.275887,5,1950,MODERATE,RES1,C1
229,28.8943,40.9846,1898.387751,7,1946,MODERATE,COM1,C1
230,28.8947,40.9846,2095.367304,4,1961,MODERATE,COM2,C1
231,28.8946,40.9846,1682.205383,5,1953,MODERATE,COM1,C1
232,28.9015,40.9846,885.222882,6,1955,MODERATE,COM1,C1
233,28.9008,40.9846,1630.689309,5,1974,MODERATE,RES1,C1
234,28.8973,40.9846,1553.953395,5,1904,POOR,RES3,C1
235,28.897,40.9846,1404.270463,6,1944,MODERATE,COM3,C1
236,28.897,40.9846,2702.667106,6,1941,MODERATE,COM2,C1
237,28.8957,40.9846,1227.010393,6,1942,MODERATE,RES3,C1
238,28.8982,40.9846,1208.927024,7,1968,MODERATE,COM1,C1
239,28.8962,40.9846,2105.819061,6,1974,MODERATE,COM1,C1
240,28.8966,40.9846,927.2548742,7,1955,MODERATE,COM2,C1
241,28.8963,40.9846,1735.680488,6,1966,MODERATE,COM1,C1
242,28.8951,40.9846,2218.538726,6,1971,MODERATE,COM3,C1
243,28.8954,40.9846,1617.50352,6,1961,MODERATE,COM1,C1
244,28.9017,40.9847,1962.422252,6,1945,MODERATE,COM1,C1
245,28.901,40.9847,2405.863052,5,1948,MODERATE,COM1,C1
246,28.8986,40.9847,1517.130059,6,2014,GOOD,COM3,C1
247,28.9,40.9847,2544.050129,7,1952,MODERATE,COM3,C1
248,28.8994,40.9847,2823.535052,5,1945,MODERATE,COM2,C1
249,28.9018,40.9847,796.9480561,2,1962,MODERATE,RES1,C1
250,28.9004,40.9847,1096.73479,6,1974,MODERATE,COM3,C1
251,28.9001,40.9847,1752.429131,6,1970,MODERATE,COM1,C1
252,28.902,40.9847,1017.136752,5,1963,MODERATE,COM2,C1
253,28.9021,40.9847,1230.874636,6,1972,MODERATE,COM1,C1
254,28.9022,40.9847,3075.798046,7,1955,MODERATE,COM1,C1
255,28.8947,40.9847,1212.156197,4,1968,MODERATE,RES1,C1
256,28.8942,40.9847,1277.654589,6,1943,MODERATE,COM3,C1
257,28.8937,40.9847,2472.739225,7,1963,MODERATE,COM3,C1
258,28.8945,40.9847,1908.990202,5,1960,MODERATE,COM2,C1
259,28.8973,40.9847,1652.249421,5,1968,MODERATE,RES3,C1
260,28.8969,40.9847,3658.340856,7,1967,MODERATE,COM1,C1
261,28.8959,40.9847,1558.958613,5,1957,MODERATE,COM2,C1
262,28.8957,40.9847,1535.923846,4,1969,MODERATE,RES1,C1
263,28.8981,40.9847,4456.570893,6,1963,MODERATE,COM3,C1
264,28.8966,40.9847,607.4225108,6,1958,MODERATE,COM2,C1
265,28.8965,40.9847,2671.021211,6,1955,MODERATE,COM3,C1
266,28.8979,40.9847,2279.08572,6,1959,MODERATE,RES3,C1
267,28.895,40.9847,2384.410579,4,1969,MODERATE,COM1,C1
268,28.8952,40.9847,1578.226012,3,1902,POOR ,RES1,C3
269,28.8953,40.9847,1424.226752,5,1970,MODERATE,RES3,C1
270,28.8986,40.9848,730.9233086,7,1949,MODERATE,COM2,C1
271,28.899,40.9848,1544.007542,5,1950,MODERATE,COM2,C1
272,28.8989,40.9848,1796.862552,7,1946,MODERATE,COM2,C1
273,28.8987,40.9848,1649.526152,7,1965,MODERATE,COM3,C1
274,28.9007,40.9848,1591.304163,5,1948,MODERATE,COM1,C1
275,28.9006,40.9848,1180.607177,5,1961,MODERATE,COM3,C1
276,28.9005,40.9848,2301.905209,6,1950,MODERATE,COM2,C1
277,28.8995,40.9848,2237.537027,7,1942,MODERATE,COM3,C1
278,28.8998,40.9848,1947.169791,7,1965,MODERATE,COM3,C1
279,28.9013,40.9848,1979.805966,5,1962,MODERATE,RES1,C1
280,28.9025,40.9848,2105.786769,6,1950,MODERATE,COM2,C1
281,28.9021,40.9848,1381.181876,6,1951,MODERATE,COM2,C1
282,28.902,40.9848,1205.988476,4,1974,MODERATE,RES1,C1
283,28.8947,40.9848,1038.075786,6,1943,MODERATE,COM1,C1
284,28.8942,40.9848,2031.591137,7,1973,MODERATE,COM3,C1
285,28.8941,40.9848,764.854382,1,1914,POOR,RES3,C1
286,28.894,40.9848,1705.0464,5,1945,MODERATE,RES3,C1
287,28.8938,40.9848,2003.368165,6,1946,MODERATE,COM3,C1
288,28.8945,40.9848,1697.242565,5,1962,MODERATE,COM1,C1
289,28.9016,40.9848,1976.813599,5,1967,MODERATE,RES3,C1
290,28.8997,40.9848,2931.217207,7,1942,MODERATE,COM1,C1
291,28.8973,40.9848,2801.264522,5,1947,MODERATE,COM3,C1
292,28.8968,40.9848,1548.000953,6,1944,MODERATE,COM1,C1
293,28.8956,40.9848,2324.929213,7,1974,MODERATE,COM2,C1
294,28.8976,40.9848,7173.973792,7,1949,MODERATE,GOV1,C1
295,28.8961,40.9848,1921.519394,5,1958,MODERATE,RES1,C1
296,28.895,40.9848,1403.538517,5,1973,MODERATE,COM1,C1
297,28.902,40.9849,1132.535555,6,1949,MODERATE,COM3,C1
298,28.9023,40.9849,2678.599004,4,1949,MODERATE,COM1,C1
299,28.9026,40.9849,3087.433833,6,1965,MODERATE,COM2,C1
300,28.9001,40.9849,3980.203292,7,1955,MODERATE,RES3,C1
301,28.9019,40.9849,666.1084245,4,1939,POOR,RES3,C1
302,28.8985,40.9849,592.0376542,5,1946,MODERATE,COM2,C1
303,28.8986,40.9849,1101.051118,6,1956,MODERATE,COM2,C1
304,28.9011,40.9849,1652.981367,7,1957,MODERATE,COM3,C1
305,28.901,40.9849,1853.448427,6,1964,MODERATE,COM2,C1
306,28.8999,40.9849,871.4300077,6,1959,MODERATE,COM2,C1
307,28.9,40.9849,2457.099264,7,1947,MODERATE,COM3,C1
308,28.8987,40.9849,1251.487524,6,1903,POOR,RES1,C1
309,28.9013,40.9849,1820.155653,6,2017,GOOD,COM2,C1
310,28.9008,40.9849,986.9838108,5,1965,MODERATE,COM3,C1
311,28.8967,40.9849,1971.636159,6,1970,MODERATE,COM3,C1
312,28.8947,40.9849,1845.2248,4,1909,POOR,RES3,C1
313,28.8937,40.9849,3480.068978,7,1968,MODERATE,COM2,C1
314,28.8939,40.9849,1637.836546,5,1968,MODERATE,COM3,C1
315,28.8945,40.9849,1748.058984,6,1950,MODERATE,COM3,C1
316,28.8999,40.9849,2257.945401,7,1945,MODERATE,COM1,C1
317,28.8973,40.9849,1278.48341,5,1968,MODERATE,COM3,C1
318,28.8972,40.9849,1446.378878,5,1960,MODERATE,COM1,C1
319,28.897,40.9849,2302.658683,5,1942,MODERATE,COM2,C1
320,28.8959,40.9849,1449.414301,6,1944,MODERATE,COM1,C1
321,28.8956,40.9849,994.3796933,5,1952,MODERATE,COM1,C1
322,28.8963,40.9849,3528.054489,6,1955,MODERATE,COM3,C1
323,28.896,40.9849,937.2179493,3,1946,MODERATE,RES3,C1
324,28.895,40.9849,1243.070146,5,1961,MODERATE,COM3,C1
325,28.895,40.9849,1268.02089,7,1956,MODERATE,COM2,C1
326,28.8953,40.9849,2022.732439,5,1923,POOR,COM3,C1
327,28.8952,40.9849,856.0462276,6,1958,MODERATE,RES1,C1
328,28.9014,40.985,1695.455756,7,1945,MODERATE,COM3,C1
329,28.8962,40.985,2339.901811,3,1910,POOR,RES1,C1
330,28.8994,40.985,3453.697399,7,1946,MODERATE,COM1,C1
331,28.9004,40.985,2106.303437,6,1950,MODERATE,COM3,C1
332,28.8993,40.985,1615.038584,5,1948,MODERATE,COM1,C1
333,28.8996,40.985,1940.797556,3,1930,POOR ,RES1,C3
334,28.9022,40.985,1850.778977,4,1967,MODERATE,COM3,C1
335,28.8989,40.985,1633.574037,6,1948,MODERATE,RES1,C1
336,28.9028,40.985,934.1168668,6,1938,POOR,COM3,C1
337,28.899,40.985,935.7336061,6,1960,MODERATE,COM3,C1
338,28.8986,40.985,2727.585558,7,1974,MODERATE,COM3,C1
339,28.9018,40.985,1117.896637,5,1966,MODERATE,COM1,C1
340,28.9019,40.985,1106.583768,6,1967,MODERATE,COM3,C1
341,28.8966,40.985,1827.152195,5,1959,MODERATE,COM2,C1
342,28.897,40.985,1899.722476,6,1951,MODERATE,COM3,C1
343,28.8947,40.985,1392.300995,5,1941,MODERATE,COM1,C1
344,28.8941,40.985,1444.925751,6,1957,MODERATE,COM3,C1
345,28.8942,40.985,1927.073571,6,1942,MODERATE,COM3,C1
346,28.8945,40.985,1874.491871,4,1915,POOR,COM2,C1
347,28.8995,40.985,1591.035065,6,1960,MODERATE,COM1,C1
348,28.9015,40.985,1710.654397,6,1966,MODERATE,COM1,C1
349,28.9027,40.985,1265.986511,6,1941,MODERATE,COM1,C1
350,28.8959,40.985,3069.748729,5,1967,MODERATE,COM2,C1
351,28.8956,40.985,958.7812902,5,1967,MODERATE,COM1,C1
352,28.8953,40.985,1596.481603,5,1952,MODERATE,COM1,C1
353,28.8949,40.985,835.3278536,5,1961,MODERATE,RES1,C1
354,28.8951,40.985,1268.720544,4,1971,MODERATE,COM3,C1
355,28.9016,40.9851,2645.909009,5,1961,MODERATE,COM3,C1
356,28.8995,40.9851,1170.069309,6,1959,MODERATE,RES3,C1
357,28.8992,40.9851,857.0860213,4,1951,MODERATE,COM1,C1
358,28.9004,40.9851,1731.127354,7,1971,MODERATE,COM1,C1
359,28.9006,40.9851,1792.858377,6,1967,MODERATE,COM2,C1
360,28.9008,40.9851,3729.974677,6,1952,MODERATE,COM2,C1
361,28.9023,40.9851,1323.71336,5,1956,MODERATE,COM3,C1
362,28.9027,40.9851,1432.687185,3,1932,POOR,RES3,C1
363,28.9029,40.9851,1403.344766,6,1937,POOR,COM3,C1
364,28.9017,40.9851,1492.028621,5,1967,MODERATE,COM2,C1
365,28.899,40.9851,2079.834982,5,1942,MODERATE,COM3,C1
366,28.9019,40.9851,1420.14723,5,1951,MODERATE,COM2,C1
367,28.8966,40.9851,1612.950386,5,1952,MODERATE,COM2,C1
368,28.8969,40.9851,1754.485038,6,1946,MODERATE,COM1,C1
369,28.8942,40.9851,1020.625335,6,1969,MODERATE,COM2,C1
370,28.8937,40.9851,2163.29834,7,1963,MODERATE,COM3,C1
371,28.8947,40.9851,1759.188867,6,1950,MODERATE,COM2,C1
372,28.9024,40.9851,1461.071616,7,1968,MODERATE,COM1,C1
373,28.8956,40.9851,939.6376762,3,1901,POOR,RES3,C1
374,28.8979,40.9851,2590.980776,6,1957,MODERATE,RES1,C1
375,28.8981,40.9851,4218.311746,5,1963,MODERATE,COM3,C1
376,28.8962,40.9851,2714.066087,7,1963,MODERATE,COM1,C1
377,28.896,40.9851,763.0309757,5,1956,MODERATE,COM1,C1
378,28.8953,40.9851,1610.194825,4,1953,MODERATE,RES1,C1
379,28.8952,40.9851,559.7609937,5,1962,MODERATE,RES3,C1
380,28.8949,40.9851,1476.076506,3,1946,MODERATE,COM1,C1
381,28.9004,40.9852,1634.015358,6,1946,MODERATE,COM2,C1
382,28.9009,40.9852,4310.870608,3,1920,POOR,COM2,C1
383,28.9026,40.9852,881.3586383,5,1945,MODERATE,COM2,C1
384,28.9018,40.9852,1521.683193,5,1972,MODERATE,COM3,C1
385,28.8998,40.9852,1708.706129,6,1948,MODERATE,COM3,C1
386,28.9021,40.9852,2065.1853,5,1947,MODERATE,COM2,C1
387,28.9029,40.9852,1447.046241,7,1950,MODERATE,COM1,C1
388,28.8988,40.9852,1529.799181,6,1966,MODERATE,COM1,C1
389,28.899,40.9852,2316.296557,6,1988,GOOD,COM2,C1
390,28.8925,40.9852,1110.770929,1,1970,MODERATE,COM2,C1
391,28.8965,40.9852,1967.352122,5,1929,POOR,COM2,C1
392,28.8969,40.9852,1831.834496,5,1970,MODERATE,COM3,C1
393,28.8973,40.9852,5579.235942,13,1945,MODERATE,COM2,C1
394,28.8942,40.9852,2337.716738,7,1963,MODERATE,COM2,C1
395,28.894,40.9852,4153.900508,6,1945,MODERATE,COM1,C1
396,28.8938,40.9852,1760.125327,7,1943,MODERATE,COM1,C1
397,28.8937,40.9852,1642.637249,5,1945,MODERATE,COM3,C1
398,28.8945,40.9852,2498.637192,7,1944,MODERATE,COM2,C1
399,28.9,40.9852,3090.146338,7,2011,GOOD,COM3,C1
400,28.903,40.9852,1754.851011,6,1962,MODERATE,COM2,C1
401,28.9004,40.9852,1133.773404,7,1974,MODERATE,COM3,C1
402,28.8957,40.9852,1902.445745,7,1963,MODERATE,COM1,C1
403,28.8955,40.9852,2506.128874,5,1957,MODERATE,COM1,C1
404,28.8961,40.9852,2263.671801,7,1954,MODERATE,COM2,C1
405,28.8953,40.9852,912.798943,5,1968,MODERATE,COM2,C1
406,28.8951,40.9852,1514.891166,5,1969,MODERATE,COM3,C1
407,28.8949,40.9852,1379.556525,5,1961,MODERATE,COM2,C1
408,28.8986,40.9853,1682.517536,6,1960,MODERATE,RES1,C1
409,28.9011,40.9853,3479.261685,6,1910,POOR,COM1,C1
410,28.9015,40.9853,1179.337035,5,1957,MODERATE,COM1,C1
411,28.9027,40.9853,2223.565472,6,1970,MODERATE,COM1,C1
412,28.9014,40.9853,2028.814049,6,1938,POOR,COM2,C1
413,28.8995,40.9853,1673.788005,5,1945,MODERATE,RES1,C1
414,28.8997,40.9853,1076.649334,5,1944,MODERATE,RES3,C1
415,28.903,40.9853,2254.156504,7,1967,MODERATE,COM2,C1
416,28.9032,40.9853,2105.23781,5,1947,MODERATE,COM1,C1
417,28.9031,40.9853,1444.796584,6,1959,MODERATE,COM1,C1
418,28.902,40.9853,2473.363532,7,1964,MODERATE,COM3,C1
419,28.8946,40.9853,1152.255038,6,1962,MODERATE,COM3,C1
420,28.8921,40.9853,10129.42056,3,1965,MODERATE,COM1,C1
421,28.8965,40.9853,1869.013041,5,1971,MODERATE,COM1,C1
422,28.8976,40.9853,5995.906899,16,1967,MODERATE,RES3,C1
423,28.8979,40.9853,6400.769845,10,1941,MODERATE,COM1,C1
424,28.8946,40.9853,1087.262549,4,1921,POOR,COM3,C1
425,28.8945,40.9853,2693.011879,7,1945,MODERATE,COM1,C1
426,28.8994,40.9853,985.5403704,5,1965,MODERATE,RES1,C1
427,28.9004,40.9853,1438.661155,7,1966,MODERATE,COM2,C1
428,28.8955,40.9853,1215.288495,6,1950,MODERATE,COM1,C1
429,28.8955,40.9853,1120.232405,5,1926,POOR,COM2,C1
430,28.896,40.9853,2631.485369,7,1971,MODERATE,COM2,C1
431,28.8952,40.9853,1585.566999,5,1970,MODERATE,COM3,C1
432,28.8953,40.9853,821.187305,3,1945,MODERATE,RES1,C1
433,28.8949,40.9853,3971.581401,7,1966,MODERATE,COM2,C1
434,28.9011,40.9854,1562.478412,3,1921,POOR ,RES3,C3
435,28.9017,40.9854,983.7417211,6,1965,MODERATE,COM1,C1
436,28.9016,40.9854,1157.163381,6,1955,MODERATE,COM2,C1
437,28.9028,40.9854,1440.060463,6,1949,MODERATE,COM2,C1
438,28.9008,40.9854,745.6687889,5,1911,POOR,RES1,C1
439,28.9006,40.9854,2070.868645,6,1955,MODERATE,COM2,C1
440,28.9018,40.9854,1275.577155,5,1961,MODERATE,COM2,C1
441,28.9013,40.9854,2361.526507,5,1910,POOR,RES3,C1
442,28.9015,40.9854,1487.163333,4,1948,MODERATE,COM1,C1
443,28.8992,40.9854,1229.270814,5,1944,MODERATE,RES1,C1
444,28.9021,40.9854,1553.372144,3,1913,POOR,RES3,C1
445,28.8998,40.9854,1908.699577,6,1962,MODERATE,RES3,C1
446,28.9035,40.9854,1510.564074,6,1954,MODERATE,COM2,C1
447,28.9026,40.9854,1170.855074,6,1955,MODERATE,COM3,C1
448,28.9009,40.9854,863.2612764,6,1972,MODERATE,RES3,C1
449,28.8989,40.9854,2377.88765,5,1930,POOR,COM3,C1
450,28.8964,40.9854,1998.330655,7,1968,MODERATE,COM2,C1
451,28.8964,40.9854,2198.474798,6,1964,MODERATE,COM1,C1
452,28.8968,40.9854,3575.523332,6,1974,MODERATE,COM2,C1
453,28.8972,40.9854,5523.694167,6,1973,MODERATE,RES1,C1
454,28.9,40.9854,2448.369733,7,2001,GOOD,COM1,C1
455,28.8941,40.9854,2060.363069,6,1947,MODERATE,COM1,C1
456,28.8957,40.9854,1872.274505,7,1973,MODERATE,COM1,C1
457,28.8959,40.9854,1647.082744,7,1974,MODERATE,COM3,C1
458,28.8952,40.9854,2245.588432,6,1947,MODERATE,COM3,C1
459,28.8986,40.9854,979.6955673,5,1960,MODERATE,RES1,C1
460,28.8993,40.9855,2989.794406,5,1972,MODERATE,RES1,C1
461,28.9011,40.9855,804.8842869,6,1942,MODERATE,RES3,C1
462,28.8986,40.9855,2775.635652,8,1955,MODERATE,COM2,C1
463,28.9027,40.9855,800.9812932,2,1963,MODERATE,RES3,C1
464,28.9008,40.9855,1809.757716,6,1916,POOR,COM1,C1
465,28.9007,40.9855,1482.373393,5,1933,POOR,COM2,C1
466,28.9024,40.9855,1481.587628,5,1917,POOR,COM1,C1
467,28.9019,40.9855,774.0273861,3,1900,POOR,RES3,C1
468,28.9019,40.9855,663.8867535,4,1900,POOR,COM2,C1
469,28.9016,40.9855,1183.298154,4,1913,POOR,RES3,C1
470,28.9017,40.9855,1294.952193,7,1941,MODERATE,COM2,C1
471,28.9028,40.9855,714.1165395,6,1954,MODERATE,COM2,C1
472,28.8992,40.9855,806.7281447,5,1956,MODERATE,RES3,C1
473,28.9036,40.9855,970.7507581,7,1956,MODERATE,COM3,C1
474,28.9035,40.9855,1519.777981,6,1958,MODERATE,COM3,C1
475,28.903,40.9855,653.3854829,4,1971,MODERATE,RES3,C1
476,28.9029,40.9855,1294.489344,4,1908,POOR,COM2,C1
477,28.8989,40.9855,2166.721263,6,1944,MODERATE,COM1,C1
478,28.8994,40.9855,2411.643272,5,1948,MODERATE,RES1,C1
479,28.9031,40.9855,914.3392586,4,1962,MODERATE,RES1,C1
480,28.8963,40.9855,2813.696838,5,1945,MODERATE,COM3,C1
481,28.8967,40.9855,2273.488487,2,1927,POOR,COM3,C1
482,28.8966,40.9855,880.7838455,5,1957,MODERATE,RES1,C1
483,28.9,40.9855,1697.78076,7,1982,GOOD,COM1,C1
484,28.9075,40.9855,3929.429929,2,1969,MODERATE,GOV1,C1
485,28.8945,40.9855,1866.741856,2,1906,POOR,COM2,C1
486,28.8944,40.9855,1553.716589,6,1962,MODERATE,COM1,C1
487,28.8956,40.9855,1655.457066,6,1943,MODERATE,COM2,C1
488,28.8959,40.9855,1355.283908,7,1946,MODERATE,COM1,C1
489,28.8958,40.9855,1492.437649,6,1969,MODERATE,COM2,C1
490,28.9013,40.9856,1398.942327,4,1930,POOR,RES3,C1
491,28.901,40.9856,1716.886701,6,1960,MODERATE,COM3,C1
492,28.9009,40.9856,1820.004958,6,1943,MODERATE,COM1,C1
493,28.8997,40.9856,2314.068427,4,1947,MODERATE,RES3,C1
494,28.9018,40.9856,972.8798595,5,1963,MODERATE,RES1,C1
495,28.9038,40.9856,2919.904338,7,1958,MODERATE,COM3,C1
496,28.9002,40.9856,2306.64133,6,1965,MODERATE,COM2,C1
497,28.8989,40.9856,1932.778444,5,1973,MODERATE,RES1,C1
498,28.9004,40.9856,899.5431879,7,1959,MODERATE,COM1,C1
499,28.9023,40.9856,610.5741836,6,1965,MODERATE,COM3,C1
500,28.9024,40.9856,1810.338967,7,1949,MODERATE,COM1,C1
501,28.8996,40.9856,2592.530779,5,1967,MODERATE,RES1,C1
502,28.8992,40.9856,977.8796957,5,1948,MODERATE,COM1,C1
503,28.9033,40.9856,1394.830513,6,1965,MODERATE,COM3,C1
504,28.9012,40.9856,1395.121139,4,1910,POOR,COM1,C1
505,28.902,40.9856,1566.783976,5,1920,POOR,COM1,C1
506,28.8923,40.9856,5582.572755,15,2019,GOOD,RES3,C1
507,28.8967,40.9856,1229.077063,6,1942,MODERATE,COM1,C1
508,28.8966,40.9856,1118.391777,5,1974,MODERATE,RES3,C1
509,28.8982,40.9856,5685.852471,15,1968,MODERATE,COM1,C1
510,28.9,40.9856,1399.717329,6,1943,MODERATE,COM3,C1
511,28.9027,40.9856,931.0717567,4,1933,POOR,RES3,C1
512,28.9039,40.9856,635.1298915,7,1947,MODERATE,COM2,C1
513,28.9017,40.9856,998.9715773,5,1971,MODERATE,RES3,C1
514,28.895,40.9856,3771.189688,5,1956,MODERATE,COM3,C1
515,28.8942,40.9856,1049.046363,4,1943,MODERATE,RES3,C1
516,28.8943,40.9856,2046.240819,6,1964,MODERATE,COM1,C1
517,28.8948,40.9856,4381.912414,7,1946,MODERATE,COM3,C1
518,28.8941,40.9856,1521.715485,5,1970,MODERATE,COM2,C1
519,28.9076,40.9856,807.8626608,2,1962,MODERATE,GOV1,C1
520,28.8991,40.9857,1156.431435,5,1958,MODERATE,COM2,C1
521,28.8986,40.9857,1562.962788,7,1971,MODERATE,COM3,C1
522,28.8999,40.9857,825.3561674,5,1969,MODERATE,COM2,C1
523,28.9,40.9857,695.3518152,5,1953,MODERATE,COM3,C1
524,28.9015,40.9857,1349.514452,5,1933,POOR,RES3,C1
525,28.9002,40.9857,1095.539996,6,1945,MODERATE,COM3,C1
526,28.8989,40.9857,1476.969911,5,1958,MODERATE,COM2,C1
527,28.8989,40.9857,1512.544633,5,1922,POOR,COM1,C1
528,28.9017,40.9857,1083.258375,5,1973,MODERATE,COM2,C1
529,28.903,40.9857,215.6032701,1,1903,POOR ,RES3,C3
530,28.9032,40.9857,923.7770548,4,1960,MODERATE,RES1,C1
531,28.9007,40.9857,3611.474791,6,1967,MODERATE,COM1,C1
532,28.9012,40.9857,771.6926941,5,1943,MODERATE,RES1,C1
533,28.9011,40.9857,1423.613209,5,1920,POOR,COM2,C1
534,28.9021,40.9857,1975.209777,5,1902,POOR,COM2,C1
535,28.8961,40.9857,1033.28154,7,1947,MODERATE,COM2,C1
536,28.8962,40.9857,3298.191191,5,1974,MODERATE,COM1,C1
537,28.8967,40.9857,1084.011848,4,1932,POOR,RES1,C1
538,28.8965,40.9857,1762.923944,7,1951,MODERATE,COM3,C1
539,28.8971,40.9857,5067.282855,16,1973,MODERATE,RES1,C1
540,28.9015,40.9857,868.7013566,4,1955,MODERATE,RES1,C1
541,28.8953,40.9857,4158.679684,7,1954,MODERATE,COM1,C1
542,28.8955,40.9857,1120.587614,5,1904,POOR,COM1,C1
543,28.8945,40.9857,3089.016128,6,1965,MODERATE,COM1,C1
544,28.8947,40.9857,1362.571075,5,1956,MODERATE,COM1,C1
545,28.8956,40.9857,1866.526577,6,1925,POOR,COM2,C1
546,28.8937,40.9857,1080.018438,5,1956,MODERATE,COM3,C1
547,28.909,40.9857,10420.1753,4,1955,MODERATE,COM3,C1
548,28.908,40.9857,5771.13493,4,1950,MODERATE,IND1,C1
549,28.8993,40.9858,1014.607233,5,1974,MODERATE,RES1,C1
550,28.8987,40.9858,1121.857756,7,1942,MODERATE,COM1,C1
551,28.8987,40.9858,1778.746891,6,1968,MODERATE,COM1,C1
552,28.9023,40.9858,987.7179094,3,1942,MODERATE,COM1,C1
553,28.9019,40.9858,805.930539,5,1923,POOR,RES3,C1
554,28.9012,40.9858,636.8219782,5,1919,POOR,COM1,C1
555,28.9018,40.9858,745.3232673,3,1909,POOR,RES3,C1
556,28.9014,40.9858,1817.077175,5,1974,MODERATE,RES3,C1
557,28.9004,40.9858,1065.121186,4,1970,MODERATE,RES1,C1
558,28.9002,40.9858,1417.865281,7,1971,MODERATE,COM2,C1
559,28.9018,40.9858,908.6526849,3,1932,POOR,RES3,C1
560,28.9022,40.9858,1575.954827,5,1940,POOR,COM2,C1
561,28.8978,40.9858,4804.449701,15,1972,MODERATE,RES1,C1
562,28.8982,40.9858,5793.631502,15,1955,MODERATE,RES3,C1
563,28.8962,40.9858,1041.616036,6,1961,MODERATE,COM3,C1
564,28.8962,40.9858,735.6744984,4,1947,MODERATE,RES3,C1
565,28.8966,40.9858,4169.594289,6,1934,POOR,RES1,C1
566,28.8961,40.9858,1370.880814,5,1961,MODERATE,COM1,C1
567,28.9039,40.9858,4879.571029,6,1945,MODERATE,COM3,C1
568,28.9019,40.9858,371.6778123,3,1925,POOR,RES1,C1
569,28.8942,40.9858,2992.636078,5,1904,POOR,COM3,C1
570,28.8941,40.9858,3549.66842,5,1904,POOR,COM2,C1
571,28.8937,40.9858,2046.854362,5,1925,POOR,COM3,C1
572,28.8939,40.9858,1619.07505,6,1960,MODERATE,COM2,C1
573,28.895,40.9858,2908.709871,4,1974,MODERATE,COM2,C1
574,28.8947,40.9858,959.6273335,5,1972,MODERATE,COM3,C1
575,28.8956,40.9858,2533.296982,7,1905,POOR,RES1,C1
576,28.9072,40.9858,2569.571359,2,1952,MODERATE,GOV1,C1
577,28.9086,40.9858,6268.675142,3,1971,MODERATE,COM1,C1
578,28.9006,40.9859,1091.212904,4,1952,MODERATE,RES3,C1
579,28.901,40.9859,2027.46856,6,1972,MODERATE,COM3,C1
580,28.8987,40.9859,2297.212144,6,1962,MODERATE,RES3,C1
581,28.9014,40.9859,1385.778065,4,1923,POOR,RES1,C1
582,28.9013,40.9859,1240.809725,6,1932,POOR,COM1,C1
583,28.9032,40.9859,2002.5824,6,1960,MODERATE,COM2,C1
584,28.9019,40.9859,1452.234445,5,1956,MODERATE,RES3,C1
585,28.9001,40.9859,1311.205697,7,1968,MODERATE,COM1,C1
586,28.9002,40.9859,626.7178958,6,1964,MODERATE,COM3,C1
587,28.8992,40.9859,2355.455661,6,1970,MODERATE,COM1,C1
588,28.9021,40.9859,1107.165019,5,1954,MODERATE,RES3,C1
589,28.9024,40.9859,675.3836857,7,1967,MODERATE,COM3,C1
590,28.8961,40.9859,2036.327258,7,1966,MODERATE,COM3,C1
591,28.8964,40.9859,1506.667538,5,1943,MODERATE,COM3,C1
592,28.8966,40.9859,1735.583612,5,1959,MODERATE,COM3,C1
593,28.897,40.9859,5107.733629,16,1941,MODERATE,RES1,C1
594,28.903,40.9859,1417.144099,6,1951,MODERATE,COM2,C1
595,28.8976,40.9859,2856.9247,14,1960,MODERATE,RES3,C1
596,28.8953,40.9859,1152.211982,5,1923,POOR,RES1,C1
597,28.8949,40.9859,1905.933252,5,1905,POOR,COM3,C1
598,28.895,40.9859,2335.82229,5,1974,MODERATE,COM2,C1
599,28.8947,40.9859,1766.798951,4,1962,MODERATE,COM3,C1
600,28.8955,40.9859,2325.94102,6,1959,MODERATE,COM1,C1
601,28.9084,40.9859,1054.650055,4,1945,MODERATE,COM1,C1
602,28.9084,40.9859,2337.684446,5,1963,MODERATE,COM3,C1
603,28.9076,40.9859,1380.89125,3,1926,POOR,IND1,C1
604,28.9076,40.9859,2785.603033,2,1924,POOR,IND1,C1
605,28.908,40.9859,1689.557133,4,1967,MODERATE,COM3,C1
606,28.9023,40.986,3044.356665,8,1909,POOR,COM2,C1
607,28.8987,40.986,1660.591451,7,1953,MODERATE,COM3,C1
608,28.9016,40.986,2564.017182,7,1929,POOR,COM3,C1
609,28.9035,40.986,4117.034116,7,1965,MODERATE,COM1,C1
610,28.9036,40.986,4056.734693,5,1938,POOR,RES3,C1
611,28.9017,40.986,2550.271668,6,1944,MODERATE,COM1,C1
612,28.9039,40.986,3311.581495,4,1965,MODERATE,COM1,C1
613,28.8993,40.986,574.382689,6,1974,MODERATE,COM2,C1
614,28.9004,40.986,1236.267355,5,1960,MODERATE,COM3,C1
615,28.8989,40.986,2129.241329,5,1957,MODERATE,RES3,C1
616,28.8993,40.986,921.5467727,4,1944,MODERATE,RES3,C1
617,28.8992,40.986,712.2500775,5,1900,POOR,RES3,C1
618,28.9027,40.986,1829.391088,7,1950,MODERATE,COM1,C1
619,28.9009,40.986,1061.235415,3,1959,MODERATE,RES3,C1
620,28.8957,40.986,441.7928456,6,1939,POOR,COM3,C1
621,28.8921,40.986,5559.322709,15,2008,GOOD,RES3,C1
622,28.8961,40.986,841.3039764,7,1966,MODERATE,COM3,C1
623,28.8964,40.986,1774.355216,4,1961,MODERATE,RES1,C1
624,28.9011,40.986,1621.270888,7,1974,MODERATE,COM1,C1
625,28.9006,40.986,1484.504648,4,1943,MODERATE,COM2,C1
626,28.9093,40.986,4050.814542,2,1945,MODERATE,COM3,C1
627,28.8941,40.986,1965.350035,5,1900,POOR,RES1,C1
628,28.8937,40.986,3303.28252,5,1965,MODERATE,COM1,C1
629,28.8952,40.986,856.2668877,4,1930,POOR,COM3,C1
630,28.9081,40.986,1246.762167,6,1969,MODERATE,COM1,C1
631,28.8944,40.986,766.0491761,5,1911,POOR,COM2,C1
632,28.8939,40.986,2546.106035,5,1929,POOR,COM3,C1
633,28.8954,40.986,2466.044073,6,1958,MODERATE,COM1,C1
634,28.9067,40.986,4650.439676,5,1974,MODERATE,GOV1,C1
635,28.9066,40.986,2240.238769,1,1951,MODERATE,GOV1,C1
636,28.9091,40.986,3986.930736,4,1957,MODERATE,COM1,C1
637,28.9078,40.986,5965.186699,2,1934,POOR,IND3,C1
638,28.9074,40.986,4010.815852,4,1938,POOR,IND1,C1
639,28.9082,40.986,351.2683625,2,1963,MODERATE,COM3,C1
640,28.9028,40.9861,1260.938237,4,1909,POOR,COM2,C1
641,28.9011,40.9861,1611.109757,5,1947,MODERATE,RES3,C1
642,28.9042,40.9861,8089.304407,6,1973,MODERATE,COM1,C1
643,28.9018,40.9861,1917.730497,6,1967,MODERATE,COM2,C1
644,28.9031,40.9861,2496.462882,4,1909,POOR,COM2,C1
645,28.9001,40.9861,1217.31211,7,1927,POOR,COM1,C1
646,28.8993,40.9861,732.6767495,4,1902,POOR,RES3,C1
647,28.9003,40.9861,774.043532,4,1969,MODERATE,RES3,C1
648,28.9024,40.9861,872.0317103,2,1972,MODERATE,RES1,C1
649,28.9013,40.9861,1526.903689,2,1959,MODERATE,COM1,C1
650,28.8989,40.9861,1476.948383,4,1954,MODERATE,RES1,C1
651,28.8958,40.9861,976.2188244,6,1956,MODERATE,COM3,C1
652,28.8957,40.9861,1916.944732,7,1955,MODERATE,COM1,C1
653,28.8961,40.9861,1706.445708,7,1971,MODERATE,COM2,C1
654,28.8964,40.9861,2097.853767,6,1937,POOR,RES1,C1
655,28.8991,40.9861,1558.409654,3,1960,MODERATE,RES3,C1
656,28.9027,40.9861,1559.862782,6,1919,POOR,COM2,C1
657,28.9006,40.9861,1451.437916,5,1961,MODERATE,RES3,C1
658,28.9092,40.9861,2348.233078,4,1942,MODERATE,COM2,C1
659,28.8942,40.9861,2244.512041,4,1961,MODERATE,RES3,C1
660,28.8938,40.9861,1531.123142,5,1939,POOR,COM2,C1
661,28.8953,40.9861,785.4026862,6,1930,POOR,COM2,C1
662,28.8949,40.9861,809.1284967,5,1926,POOR,RES1,C1
663,28.8948,40.9861,2007.630674,4,1920,POOR,COM1,C1
664,28.8947,40.9861,751.9516831,5,1931,POOR,RES1,C1
665,28.8946,40.9861,1660.795966,5,1907,POOR,COM1,C1
666,28.8944,40.9861,967.6668979,5,1900,POOR,RES1,C1
667,28.8955,40.9861,1001.328874,5,1916,POOR,COM3,C1
668,28.9088,40.9861,1690.579705,3,1951,MODERATE,COM3,C1
669,28.9089,40.9861,3539.604164,4,1959,MODERATE,COM3,C1
670,28.9065,40.9861,4097.895884,1,1963,MODERATE,GOV1,C1
671,28.8987,40.9862,1891.057528,7,1974,MODERATE,COM3,C1
672,28.9044,40.9862,3213.436164,5,1924,POOR,COM1,C1
673,28.8989,40.9862,1969.687891,5,1953,MODERATE,RES1,C1
674,28.9024,40.9862,1251.702802,3,1973,MODERATE,RES3,C1
675,28.9014,40.9862,2278.364538,6,1970,MODERATE,COM2,C1
676,28.9006,40.9862,2005.962268,4,1971,MODERATE,RES3,C1
677,28.9001,40.9862,839.5892856,6,1949,MODERATE,COM3,C1
678,28.9016,40.9862,931.9178,7,1952,MODERATE,COM3,C1
679,28.9019,40.9862,684.9366559,2,1932,POOR,RES1,C1
680,28.8957,40.9862,741.3147873,6,1956,MODERATE,COM2,C1
681,28.8958,40.9862,1145.430719,3,1933,POOR,COM2,C1
682,28.8961,40.9862,1326.651908,6,1961,MODERATE,COM2,C1
683,28.896,40.9862,983.3875884,7,1955,MODERATE,COM2,C1
684,28.8963,40.9862,866.4161785,4,1919,POOR,RES1,C1
685,28.8964,40.9862,2985.40273,5,1907,POOR,RES1,C1
686,28.8968,40.9862,2881.218845,14,1943,MODERATE,RES3,C1
687,28.897,40.9862,4787.367376,14,1953,MODERATE,RES3,C1
688,28.8992,40.9862,3652.883553,5,1990,GOOD,COM1,C1
689,28.9013,40.9862,1908.096798,7,1957,MODERATE,COM2,C1
690,28.8954,40.9862,918.9332953,6,1938,POOR,COM1,C1
691,28.895,40.9862,4502.156052,6,1901,POOR,COM3,C1
692,28.8946,40.9862,1563.328761,6,1933,POOR,RES1,C1
693,28.8943,40.9862,295.1421066,2,1920,POOR,RES3,C1
694,28.894,40.9862,1043.836631,6,1950,MODERATE,COM3,C1
695,28.8938,40.9862,2536.332405,6,2013,GOOD,COM3,C1
696,28.8954,40.9862,1424.215988,5,1901,POOR,COM2,C1
697,28.9062,40.9862,3532.607623,1,1973,MODERATE,GOV1,C1
698,28.9084,40.9862,4295.833425,3,1955,MODERATE,COM3,C1
699,28.9086,40.9862,1546.730811,2,1973,MODERATE,COM2,C1
700,28.9091,40.9862,3226.966398,4,1959,MODERATE,COM3,C1
701,28.907,40.9862,2329.7945,3,1953,MODERATE,IND1,C1
702,28.9078,40.9862,2585.21132,3,1946,MODERATE,IND2,C1
703,28.9075,40.9862,4039.953757,4,1924,POOR,IND1,C1
704,28.9075,40.9862,1350.806122,4,1965,MODERATE,COM1,C1
705,28.9005,40.9863,591.7244244,5,1921,POOR,RES1,C1
706,28.9023,40.9863,2070.265866,6,1968,MODERATE,RES3,C1
707,28.9022,40.9863,1832.555678,7,1995,GOOD,COM1,C1
708,28.902,40.9863,1746.939537,7,2019,GOOD,COM3,C1
709,28.9013,40.9863,1394.033984,5,1969,MODERATE,RES1,C1
710,28.9005,40.9863,981.9506064,3,1946,MODERATE,RES3,C1
711,28.9001,40.9863,1888.560301,5,1971,MODERATE,COM1,C1
712,28.8956,40.9863,1817.335509,5,1945,MODERATE,COM2,C1
713,28.8956,40.9863,1390.643352,6,1959,MODERATE,COM3,C1
714,28.8963,40.9863,1682.980384,7,1944,MODERATE,COM3,C1
715,28.8964,40.9863,684.6449539,6,1948,MODERATE,COM1,C1
716,28.8979,40.9863,7685.130351,3,1942,MODERATE,GOV1,C1
717,28.8982,40.9863,7961.590615,4,1960,MODERATE,GOV1,C1
718,28.9017,40.9863,987.3691587,7,1948,MODERATE,COM2,C1
719,28.8951,40.9863,1157.066505,5,1907,POOR,COM2,C1
720,28.8949,40.9863,1470.963649,1,1937,POOR ,COM3,C3
721,28.8947,40.9863,1551.391584,6,1944,MODERATE,RES1,C1
722,28.8944,40.9863,1806.646946,7,1912,POOR,RES3,C1
723,28.8942,40.9863,1508.411292,8,1921,POOR,COM3,C1
724,28.8942,40.9863,1416.433681,7,1903,POOR,RES1,C1
725,28.8941,40.9863,1920.604461,4,1904,POOR,RES1,C1
726,28.8938,40.9863,3382.53719,5,1918,POOR,COM3,C1
727,28.9089,40.9863,4437.637176,3,1955,MODERATE,COM2,C1
728,28.9069,40.9863,1703.281118,2,1963,MODERATE,COM2,C1
729,28.9076,40.9863,3058.930999,4,1950,MODERATE,COM2,C1
730,28.9084,40.9863,3049.706329,3,1955,MODERATE,COM1,C1
731,28.9006,40.9864,1212.726684,4,1940,POOR,RES3,C1
732,28.9038,40.9864,3549.388559,3,1904,POOR,COM3,C1
733,28.8988,40.9864,4723.806487,7,1962,MODERATE,COM1,C1
734,28.9036,40.9864,3623.63801,3,1904,POOR,COM1,C1
735,28.9034,40.9864,5169.249374,7,1912,POOR,COM2,C1
736,28.9033,40.9864,4929.332585,7,1962,MODERATE,COM1,C1
737,28.903,40.9864,9243.08792,6,1955,MODERATE,COM1,C1
738,28.9045,40.9864,992.7500373,7,1968,MODERATE,COM3,C1
739,28.9042,40.9864,4416.496856,7,1949,MODERATE,COM3,C1
740,28.9011,40.9864,1101.072646,4,1974,MODERATE,RES3,C1
741,28.901,40.9864,1496.065087,5,1948,MODERATE,RES3,C1
742,28.8991,40.9864,1169.41271,3,1939,POOR,COM3,C1
743,28.8956,40.9864,1346.565141,5,1966,MODERATE,COM1,C1
744,28.8958,40.9864,1890.6485,8,1946,MODERATE,COM1,C1
745,28.896,40.9864,881.6933959,5,1969,MODERATE,COM1,C1
746,28.8963,40.9864,3192.995498,6,1961,MODERATE,COM2,C1
747,28.9044,40.9864,2717.693525,7,1956,MODERATE,COM2,C1
748,28.9005,40.9864,1711.40787,2,1965,MODERATE,RES3,C1
749,28.9001,40.9864,1558.560348,5,1970,MODERATE,COM1,C1
750,28.8951,40.9864,1251.347593,7,1910,POOR,COM1,C1
751,28.8949,40.9864,773.5979061,5,1968,MODERATE,COM1,C1
752,28.8937,40.9864,2381.590435,6,1955,MODERATE,COM2,C1
753,28.8947,40.9864,3268.224465,6,1909,POOR,COM3,C1
754,28.8951,40.9864,2115.592691,6,1900,POOR,COM1,C1
755,28.9088,40.9864,1508.465111,3,1969,MODERATE,COM2,C1
756,28.9073,40.9864,1230.777761,3,1972,MODERATE,COM2,C1
757,28.9073,40.9864,1344.724512,3,1952,MODERATE,COM1,C1
758,28.9085,40.9864,1473.697682,3,1961,MODERATE,COM1,C1
759,28.8988,40.9865,2176.763991,7,1972,MODERATE,COM2,C1
760,28.8987,40.9865,840.6280029,7,1965,MODERATE,COM1,C1
761,28.9025,40.9865,1441.750397,5,1916,POOR,RES3,C1
762,28.9011,40.9865,3265.199807,6,1924,POOR,COM2,C1
763,28.9013,40.9865,2362.839704,7,1971,MODERATE,COM3,C1
764,28.9015,40.9865,2842.716339,7,1965,MODERATE,COM1,C1
765,28.9003,40.9865,1664.574098,7,1942,MODERATE,COM1,C1
766,28.9008,40.9865,1975.08061,6,1971,MODERATE,COM1,C1
767,28.9025,40.9865,1440.49102,5,1928,POOR,COM3,C1
768,28.9017,40.9865,2033.238016,7,1961,MODERATE,COM2,C1
769,28.9019,40.9865,2262.649229,6,1965,MODERATE,COM1,C1
770,28.8958,40.9865,1699.427639,7,1926,POOR,COM3,C1
771,28.8955,40.9865,2061.697794,6,1904,POOR,COM2,C1
772,28.8955,40.9865,1895.470731,6,1962,MODERATE,COM2,C1
773,28.8923,40.9865,5621.527345,15,2018,GOOD,RES1,C1
774,28.896,40.9865,1023.576799,6,1965,MODERATE,COM3,C1
775,28.8962,40.9865,1876.580069,6,1946,MODERATE,COM3,C1
776,28.8963,40.9865,1350.246398,5,1941,MODERATE,COM2,C1
777,28.9023,40.9865,3057.230302,4,1973,MODERATE,COM3,C1
778,28.9006,40.9865,1450.21083,5,1945,MODERATE,COM3,C1
779,28.895,40.9865,3398.715346,5,1925,POOR,COM2,C1
780,28.8939,40.9865,867.1276729,6,1953,MODERATE,COM3,C1
781,28.8941,40.9865,1000.7304,4,1903,POOR,COM3,C1
782,28.894,40.9865,801.0695572,4,1936,POOR,COM1,C1
783,28.8942,40.9865,2793.38534,6,1957,MODERATE,COM3,C1
784,28.8943,40.9865,933.3397125,6,1937,POOR,COM2,C1
785,28.8944,40.9865,1333.196365,5,1934,POOR,RES3,C1
786,28.9073,40.9865,1619.214981,3,1965,MODERATE,COM2,C1
787,28.9071,40.9865,4587.427747,4,1957,MODERATE,IND3,C1
788,28.9082,40.9865,12252.45111,1,1972,MODERATE,COM2,C1
789,28.9085,40.9865,1457.734803,2,1945,MODERATE,COM2,C1
790,28.8987,40.9866,1451.567083,7,1948,MODERATE,COM1,C1
791,28.8998,40.9866,3596.114692,7,1951,MODERATE,COM2,C1
792,28.9005,40.9866,1964.51045,7,1968,MODERATE,COM3,C1
793,28.9,40.9866,902.8154165,7,1941,MODERATE,COM1,C1
794,28.9043,40.9866,1107.44488,7,1971,MODERATE,COM2,C1
795,28.9045,40.9866,2159.111179,3,1900,POOR,COM3,C1
796,28.8957,40.9866,2665.833006,7,1962,MODERATE,COM3,C1
797,28.8992,40.9866,695.9309135,3,1922,POOR,COM2,C1
798,28.8962,40.9866,1782.977108,5,1969,MODERATE,COM3,C1
799,28.896,40.9866,892.5487992,7,1905,POOR,IND2,C1
800,28.8974,40.9866,6768.07751,4,1972,MODERATE,GOV1,C1
801,28.8994,40.9866,1701.591185,3,1923,POOR,COM3,C1
802,28.8948,40.9866,1188.906151,4,1926,POOR,RES3,C1
803,28.8944,40.9866,1131.028607,4,1909,POOR,RES1,C1
804,28.8947,40.9866,925.0568837,4,1906,POOR,COM3,C1
805,28.907,40.9866,3082.96681,3,1957,MODERATE,IND3,C1
806,28.9013,40.9867,1095.378537,5,1994,GOOD,COM3,C1
807,28.9012,40.9867,1521.833888,6,1931,POOR,COM2,C1
808,28.9011,40.9867,993.8102825,5,1937,POOR,COM1,C1
809,28.9015,40.9867,2609.193312,5,1929,POOR,COM3,C1
810,28.9038,40.9867,2241.444327,7,1905,POOR,COM1,C1
811,28.9039,40.9867,1131.728261,7,1947,MODERATE,COM3,C1
812,28.904,40.9867,2314.025372,7,1957,MODERATE,COM2,C1
813,28.9042,40.9867,1173.190843,7,1957,MODERATE,COM3,C1
814,28.9042,40.9867,1663.820624,7,1956,MODERATE,COM1,C1
815,28.9044,40.9867,1053.286267,2,1918,POOR,COM2,C1
816,28.8953,40.9867,1562.521467,7,1963,MODERATE,COM2,C1
817,28.8957,40.9867,1882.812373,6,1928,POOR,COM1,C1
818,28.8955,40.9867,1901.003381,6,1920,POOR,COM2,C1
819,28.8961,40.9867,2871.111534,6,1947,MODERATE,COM3,C1
820,28.9019,40.9867,1377.888119,5,1914,POOR,COM2,C1
821,28.8943,40.9867,2339.07299,4,1965,MODERATE,RES1,C1
822,28.8945,40.9867,1707.629738,4,1963,MODERATE,RES3,C1
823,28.8946,40.9867,1906.536031,4,1951,MODERATE,RES1,C1
824,28.8942,40.9867,1242.747229,4,1969,MODERATE,COM2,C1
825,28.894,40.9867,953.2195779,5,1948,MODERATE,COM3,C1
826,28.8941,40.9867,1020.835231,4,1915,POOR,RES3,C1
827,28.8938,40.9867,1650.903932,6,1960,MODERATE,COM1,C1
828,28.8937,40.9867,1479.00429,2,1956,MODERATE,COM2,C1
829,28.9089,40.9867,5873.424367,6,1965,MODERATE,COM3,C1
830,28.9075,40.9867,4414.666992,4,1915,POOR,COM1,C1
831,28.9068,40.9867,3272.185584,3,1956,MODERATE,COM3,C1
832,28.9079,40.9867,2357.070248,3,1947,MODERATE,IND1,C1
833,28.9082,40.9867,1499.714052,3,1958,MODERATE,COM3,C1
834,28.9093,40.9867,1603.833354,4,1954,MODERATE,COM1,C1
835,28.9051,40.9868,2236.654387,2,1936,POOR,COM3,C1
836,28.9004,40.9868,3873.32843,7,1961,MODERATE,COM1,C1
837,28.8992,40.9868,1063.036217,5,1914,POOR,COM2,C1
838,28.8991,40.9868,2521.166056,5,1906,POOR,COM1,C1
839,28.901,40.9868,1379.298191,5,1937,POOR,COM3,C1
840,28.9009,40.9868,975.8582334,5,1906,POOR,COM1,C1
841,28.9007,40.9868,2802.383969,6,1963,MODERATE,COM3,C1
842,28.8994,40.9868,1099.275073,4,1934,POOR,COM3,C1
843,28.9001,40.9868,1259.226775,5,1921,POOR,COM3,C1
844,28.9019,40.9868,2054.42139,7,1958,MODERATE,COM3,C1
845,28.9021,40.9868,2950.968982,7,1964,MODERATE,COM2,C1
846,28.9024,40.9868,2931.863042,3,1902,POOR,COM2,C1
847,28.9026,40.9868,3774.063652,5,1931,POOR,IND2,C1
848,28.903,40.9868,1746.153772,7,1971,MODERATE,COM3,C1
849,28.9032,40.9868,1619.989983,7,1942,MODERATE,COM1,C1
850,28.903,40.9868,2067.499541,7,1903,POOR,COM1,C1
851,28.9052,40.9868,1918.39786,5,1964,MODERATE,COM3,C1
852,28.9045,40.9868,1045.268231,4,1925,POOR,COM3,C1
853,28.9028,40.9868,3081.64285,6,1957,MODERATE,COM2,C1
854,28.9023,40.9868,2721.740755,7,1957,MODERATE,COM1,C1
855,28.8951,40.9868,852.7374016,6,1972,MODERATE,COM2,C1
856,28.8953,40.9868,2111.416294,7,1958,MODERATE,COM3,C1
857,28.8956,40.9868,1149.628644,6,1923,POOR,COM1,C1
858,28.8929,40.9868,2811.231903,5,1991,GOOD,RES3,C1
859,28.8985,40.9868,511.9240249,1,1946,MODERATE,COM2,C1
860,28.8984,40.9868,1018.713665,2,1908,POOR,COM3,C1
861,28.8987,40.9868,683.9173136,6,1963,MODERATE,COM1,C1
862,28.8988,40.9868,1122.837272,4,1950,MODERATE,COM1,C1
863,28.9045,40.9868,1840.919236,4,1903,POOR,COM3,C1
864,28.8948,40.9868,3955.618522,7,1950,MODERATE,COM2,C1
865,28.8941,40.9868,2438.466935,4,1972,MODERATE,COM2,C1
866,28.894,40.9868,1913.909309,5,1957,MODERATE,COM1,C1
867,28.8937,40.9868,4831.230309,6,1943,MODERATE,COM3,C1
868,28.9069,40.9868,1411.245476,4,1948,MODERATE,COM3,C1
869,28.9072,40.9868,2307.394803,3,1957,MODERATE,IND1,C1
870,28.9081,40.9868,3244.963656,4,1973,MODERATE,COM3,C1
871,28.9085,40.9868,1960.753846,3,1974,MODERATE,COM3,C1
872,28.9092,40.9868,75.5103356,1,1962,MODERATE,COM1,C1
873,28.905,40.9869,5810.487785,5,1938,POOR,COM1,C1
874,28.9053,40.9869,869.7217752,5,1904,POOR,COM2,C1
875,28.8999,40.9869,1236.095133,3,1928,POOR,COM1,C1
876,28.901,40.9869,1247.063557,5,1928,POOR,COM3,C1
877,28.9007,40.9869,1242.671882,6,1919,POOR,RES3,C1
878,28.9003,40.9869,1651.205322,2,1932,POOR,COM2,C1
879,28.9021,40.9869,1821.651837,4,1985,GOOD,COM3,C1
880,28.9026,40.9869,1754.129829,5,1951,MODERATE,COM3,C1
881,28.9031,40.9869,1457.47647,5,1967,MODERATE,COM1,C1
882,28.9016,40.9869,1899.2381,4,1942,MODERATE,COM3,C1
883,28.9014,40.9869,1253.89864,5,1965,MODERATE,COM1,C1
884,28.8992,40.9869,772.3126953,6,1930,POOR,RES1,C1
885,28.8995,40.9869,3899.506259,7,1949,MODERATE,COM3,C1
886,28.8993,40.9869,903.5419804,4,1901,POOR,RES1,C1
887,28.9011,40.9869,884.0506922,6,1953,MODERATE,COM3,C1
888,28.9002,40.9869,3577.331669,6,1966,MODERATE,COM1,C1
889,28.9038,40.9869,1605.437177,4,1947,MODERATE,COM1,C1
890,28.8951,40.9869,1000.10717,5,1966,MODERATE,COM3,C1
891,28.895,40.9869,656.9386496,6,1955,MODERATE,COM2,C1
892,28.8953,40.9869,1117.971984,4,1965,MODERATE,COM1,C1
893,28.8954,40.9869,726.2603827,5,1902,POOR,COM2,C1
894,28.8957,40.9869,2022.818551,6,1938,POOR,COM2,C1
895,28.8957,40.9869,2908.440774,5,1912,POOR,COM1,C1
896,28.8977,40.9869,1000.953213,6,1974,MODERATE,COM3,C1
897,28.8978,40.9869,1901.250951,7,1973,MODERATE,COM1,C1
898,28.8961,40.9869,3966.328612,7,1960,MODERATE,COM3,C1
899,28.8982,40.9869,1966.103509,6,1950,MODERATE,COM3,C1
900,28.8981,40.9869,2137.798637,6,1974,MODERATE,COM1,C1
901,28.8987,40.9869,1612.90733,6,1970,MODERATE,COM1,C1
902,28.8988,40.9869,1518.378672,6,1949,MODERATE,COM1,C1
903,28.9043,40.9869,1900.153032,5,1946,MODERATE,RES3,C1
904,28.9041,40.9869,2001.742815,5,1968,MODERATE,COM3,C1
905,28.904,40.9869,1919.075986,6,1948,MODERATE,COM3,C1
906,28.9045,40.9869,1333.756088,5,1957,MODERATE,RES1,C1
907,28.8947,40.9869,3159.573558,6,1947,MODERATE,COM3,C1
908,28.8945,40.9869,1394.496832,4,1947,MODERATE,RES1,C1
909,28.8943,40.9869,1976.436862,4,1965,MODERATE,RES3,C1
910,28.9086,40.9869,4431.792373,4,1944,MODERATE,COM3,C1
911,28.9091,40.9869,3460.575537,2,1966,MODERATE,IND2,C1
912,28.9092,40.9869,2499.34761,2,1959,MODERATE,COM3,C1
913,28.9094,40.9869,3200.9285,2,1953,MODERATE,COM3,C1
914,28.9025,40.987,1598.182301,4,1952,MODERATE,RES3,C1
915,28.8991,40.987,2186.397691,5,1947,MODERATE,RES1,C1
916,28.9016,40.987,1590.335411,5,1954,MODERATE,COM3,C1
917,28.9011,40.987,1000.686268,5,1916,POOR,COM1,C1
918,28.9012,40.987,1208.47494,4,1955,MODERATE,COM1,C1
919,28.9014,40.987,1191.069697,4,1961,MODERATE,COM3,C1
920,28.9015,40.987,745.6806292,5,1972,MODERATE,RES3,C1
921,28.9009,40.987,1099.565698,4,1948,MODERATE,RES3,C1
922,28.901,40.987,993.7790671,4,1974,MODERATE,RES3,C1
923,28.9034,40.987,1187.420732,4,1901,POOR,RES3,C1
924,28.9001,40.987,852.0926434,7,1968,MODERATE,RES1,C1
925,28.9036,40.987,1137.530009,3,1933,POOR,RES3,C1
926,28.9038,40.987,978.6428569,6,1947,MODERATE,COM1,C1
927,28.9023,40.987,3048.037923,5,1972,MODERATE,RES3,C1
928,28.9027,40.987,1638.23481,2,1946,MODERATE,RES1,C1
929,28.9029,40.987,1157.249492,1,1934,POOR,RES1,C1
930,28.903,40.987,779.4384037,4,1906,POOR,RES1,C1
931,28.9031,40.987,856.6457774,5,1962,MODERATE,COM2,C1
932,28.9031,40.987,804.0651534,5,1959,MODERATE,COM2,C1
933,28.899,40.987,727.6779897,4,1952,MODERATE,COM1,C1
934,28.8994,40.987,991.0708674,5,1946,MODERATE,RES3,C1
935,28.9054,40.987,961.8037961,7,1904,POOR,COM2,C1
936,28.9039,40.987,1139.392165,6,1972,MODERATE,COM2,C1
937,28.9042,40.987,1195.816581,5,1943,MODERATE,COM2,C1
938,28.8978,40.987,950.4112738,4,1945,MODERATE,COM2,C1
939,28.8951,40.987,951.9828046,4,1919,POOR,RES3,C1
940,28.895,40.987,677.2113977,6,1926,POOR,COM3,C1
941,28.8953,40.987,1738.360701,4,1908,POOR,RES1,C1
942,28.8955,40.987,1152.836289,5,1957,MODERATE,COM2,C1
943,28.8957,40.987,1635.974389,6,1903,POOR,COM3,C1
944,28.9019,40.987,2117.454847,3,1918,POOR,COM1,C1
945,28.8974,40.987,2133.686824,7,1950,MODERATE,COM2,C1
946,28.8975,40.987,1713.980445,5,1957,MODERATE,COM2,C1
947,28.9034,40.987,1574.910728,5,1941,MODERATE,COM1,C1
948,28.898,40.987,1883.641194,6,1953,MODERATE,COM3,C1
949,28.8924,40.987,5544.027193,15,1997,GOOD,RES1,C1
950,28.8983,40.987,1193.050257,6,1943,MODERATE,COM3,C1
951,28.8984,40.987,1617.352825,6,1958,MODERATE,COM3,C1
952,28.8961,40.987,1624.004921,4,1961,MODERATE,COM3,C1
953,28.8961,40.987,1164.773465,7,1963,MODERATE,COM1,C1
954,28.8986,40.987,302.653163,1,1910,POOR,RES1,C1
955,28.9045,40.987,1206.806534,7,1951,MODERATE,COM2,C1
956,28.8943,40.987,2543.458113,6,1949,MODERATE,RES3,C1
957,28.8936,40.987,1640.419884,5,1962,MODERATE,COM1,C1
958,28.8938,40.987,1231.305193,6,1943,MODERATE,COM3,C1
959,28.8939,40.987,1322.260232,4,1946,MODERATE,RES1,C1
960,28.894,40.987,1488.681045,4,1960,MODERATE,COM1,C1
961,28.9075,40.987,1731.590202,3,1907,POOR,COM2,C1
962,28.9084,40.987,3889.87256,4,1973,MODERATE,IND1,C1
963,28.9008,40.987,1519.272077,6,1949,MODERATE,COM1,C1
964,28.9007,40.987,821.1840759,6,1949,MODERATE,COM1,C1
965,28.905,40.9871,5176.245916,3,1935,POOR,COM2,C1
966,28.9056,40.9871,959.7597296,7,1948,MODERATE,COM2,C1
967,28.9008,40.9871,1453.041739,6,1935,POOR,COM3,C1
968,28.9019,40.9871,968.7088444,5,1961,MODERATE,COM2,C1
969,28.9024,40.9871,993.7683032,2,1920,POOR,RES1,C1
970,28.9001,40.9871,1073.088632,6,1947,MODERATE,COM1,C1
971,28.9002,40.9871,723.4305508,5,1956,MODERATE,RES3,C1
972,28.8974,40.9871,1282.28307,7,1961,MODERATE,COM2,C1
973,28.9023,40.9871,1060.788712,4,1955,MODERATE,RES3,C1
974,28.9021,40.9871,2122.546177,5,1947,MODERATE,COM2,C1
975,28.8997,40.9871,2011.042833,4,1913,POOR,RES1,C1
976,28.8991,40.9871,3166.548572,5,1972,MODERATE,RES3,C1
977,28.8999,40.9871,2241.982522,6,1946,MODERATE,COM1,C1
978,28.8957,40.9871,794.5821487,6,1926,POOR,COM3,C1
979,28.8979,40.9871,1921.002726,6,1961,MODERATE,RES1,C1
980,28.8951,40.9871,961.3861564,4,1936,POOR,RES1,C1
981,28.8949,40.9871,782.9732717,6,1972,MODERATE,COM3,C1
982,28.9054,40.9871,5804.438468,6,1970,MODERATE,GOV1,C1
983,28.8955,40.9871,744.1822929,5,1970,MODERATE,COM1,C1
984,28.9031,40.9871,3181.714921,6,1971,MODERATE,COM1,C1
985,28.8968,40.9871,1198.486031,7,1970,MODERATE,COM2,C1
986,28.8969,40.9871,1373.722486,6,1946,MODERATE,COM1,C1
987,28.8969,40.9871,968.9069003,3,1920,POOR,COM1,C1
988,28.897,40.9871,1565.589182,5,1945,MODERATE,COM3,C1
989,28.8973,40.9871,1311.259516,7,1955,MODERATE,COM3,C1
990,28.8976,40.9871,1485.354997,6,1953,MODERATE,RES3,C1
991,28.8981,40.9871,2019.481739,6,1951,MODERATE,COM1,C1
992,28.8929,40.9871,2824.503804,5,2015,GOOD,RES3,C1
993,28.8961,40.9871,862.9523522,7,1948,MODERATE,COM2,C1
994,28.8987,40.9871,897.3086002,4,1943,MODERATE,RES1,C1
995,28.8988,40.9871,2809.617316,6,1949,MODERATE,IND3,C1
996,28.8994,40.9871,1081.094829,4,1935,POOR,RES1,C1
997,28.8946,40.9871,3539.2059,7,1949,MODERATE,COM3,C1
998,28.8936,40.9871,858.1107455,4,1948,MODERATE,RES1,C1
999,28.8935,40.9871,1214.470437,5,1966,MODERATE,COM3,C1
1000,28.8938,40.9871,838.0963312,5,1973,MODERATE,RES3,C1
